This is LuaHBTeX, Version 1.22.0 (TeX Live 2025)  (format=lualatex 2026.2.16)  23 AUG 2026 14:46
 restricted system commands enabled.
**index.tex
(./index.tex
LaTeX2e <2025-11-01>
L3 programming layer <2026-01-19>
Lua module: luaotfload 2024-12-03 v3.29 Lua based OpenType font support
Lua module: lualibs 2023-07-13 v2.76 ConTeXt Lua standard libraries.
Lua module: lualibs-extended 2023-07-13 v2.76 ConTeXt Lua libraries -- extended collection.
luaotfload | conf : Root cache directory is "C:/ProgramData/TinyTeX/texmf-var/luatex-cache/generic/names".
luaotfload | init : Loading fontloader "fontloader-2023-12-28.lua" from kpse-resolved path "c:/ProgramData/TinyTeX/texmf-dist/tex/luatex/luaotfload/fontloader-2023-12-28.lua".
Lua-only attribute luaotfload@noligature = 1
luaotfload | init : Context OpenType loader version 3.134
Inserting `luaotfload.node_processor' in `pre_linebreak_filter'.
Inserting `luaotfload.node_processor' in `hpack_filter'.
Inserting `luaotfload.glyph_stream' in `glyph_stream_provider'.
Inserting `luaotfload.define_font' in `define_font'.
Lua-only attribute luaotfload_color_attribute = 2
luaotfload | conf : Root cache directory is "C:/ProgramData/TinyTeX/texmf-var/luatex-cache/generic/names".
Inserting `luaotfload.harf.strip_prefix' in `find_opentype_file'.
Inserting `luaotfload.harf.strip_prefix' in `find_truetype_file'.
Removing  `luaotfload.glyph_stream' from `glyph_stream_provider'.
Inserting `luaotfload.harf.glyphstream' in `glyph_stream_provider'.
Inserting `luaotfload.harf.finalize_vlist' in `post_linebreak_filter'.
Inserting `luaotfload.harf.finalize_hlist' in `hpack_filter'.
Inserting `luaotfload.cleanup_files' in `wrapup_run'.
Inserting `luaotfload.harf.finalize_unicode' in `finish_pdffile'.
Inserting `luaotfload.glyphinfo' in `glyph_info'.
Lua-only attribute luaotfload.letterspace_done = 3
Inserting `luaotfload.aux.set_sscale_dimens' in `luaotfload.patch_font'.
Inserting `luaotfload.aux.set_font_index' in `luaotfload.patch_font'.
Inserting `luaotfload.aux.patch_cambria_domh' in `luaotfload.patch_font'.
Inserting `luaotfload.aux.fixup_fontdata' in `luaotfload.patch_font_unsafe'.
Inserting `luaotfload.aux.set_capheight' in `luaotfload.patch_font'.
Inserting `luaotfload.aux.set_xheight' in `luaotfload.patch_font'.
Inserting `luaotfload.rewrite_fontname' in `luaotfload.patch_font'.
Inserting `tracingstacklevels' in `input_level_string'. (c:/ProgramData/TinyTeX/texmf-dist/tex/latex/koma-script/scrreprt.cls
Document Class: scrreprt 2026/02/02 v3.49.2 KOMA-Script document class (report)
(c:/ProgramData/TinyTeX/texmf-dist/tex/latex/koma-script/scrkbase.sty
Package: scrkbase 2026/02/02 v3.49.2 KOMA-Script package (KOMA-Script-dependent basics and keyval usage)
(c:/ProgramData/TinyTeX/texmf-dist/tex/latex/koma-script/scrbase.sty
Package: scrbase 2026/02/02 v3.49.2 KOMA-Script package (KOMA-Script-independent basics and keyval usage)
(c:/ProgramData/TinyTeX/texmf-dist/tex/latex/koma-script/scrlfile.sty
Package: scrlfile 2026/02/02 v3.49.2 KOMA-Script package (file load hooks)
(c:/ProgramData/TinyTeX/texmf-dist/tex/latex/koma-script/scrlfile-hook.sty
Package: scrlfile-hook 2026/02/02 v3.49.2 KOMA-Script package (using LaTeX hooks)
(c:/ProgramData/TinyTeX/texmf-dist/tex/latex/koma-script/scrlogo.sty
Package: scrlogo 2026/02/02 v3.49.2 KOMA-Script package (logo)
))) (c:/ProgramData/TinyTeX/texmf-dist/tex/latex/graphics/keyval.sty
Package: keyval 2022/05/29 v1.15 key=value parser (DPC)
\KV@toks@=\toks17
)
Applying: [2021/05/01] Usage of raw or classic option list on input line 254.
Already applied: [0000/00/00] Usage of raw or classic option list on input line 370.
)) (c:/ProgramData/TinyTeX/texmf-dist/tex/latex/koma-script/tocbasic.sty
Package: tocbasic 2026/02/02 v3.49.2 KOMA-Script package (handling toc-files)
\scr@dte@tocline@numberwidth=\skip49
\scr@dte@tocline@numbox=\box53
)
Package tocbasic Info: omitting babel extension for `toc'
(tocbasic)             because of feature `nobabel' available
(tocbasic)             for `toc' on input line 143.
Class scrreprt Info: File `scrsize11pt.clo' used instead of
(scrreprt)           file `scrsize11.clo' to setup font sizes on input line 2710.
(c:/ProgramData/TinyTeX/texmf-dist/tex/latex/koma-script/scrsize11pt.clo
File: scrsize11pt.clo 2026/02/02 v3.49.2 KOMA-Script font size class option (11pt)
luaotfload | db : Font names database loaded from C:/ProgramData/TinyTeX/texmf-var/luatex-cache/generic/names/luaotfload-names.luc.gz) (c:/ProgramData/TinyTeX/texmf-dist/tex/latex/koma-script/typearea.sty
Package: typearea 2026/02/02 v3.49.2 KOMA-Script package (type area)
\ta@bcor=\skip50
\ta@div=\count273
Package typearea Info: You've used standard option `letterpaper'.
(typearea)             This is correct!
(typearea)             Internally I'm using `paper=letter'.
(typearea)             If you'd like to set the option with \KOMAoptions,
(typearea)             you'd have to use `paper=letter' there
(typearea)             instead of `letterpaper', too.
\ta@hblk=\skip51
\ta@vblk=\skip52
\ta@temp=\skip53
\footheight=\skip54
Package typearea Info: These are the values describing the layout:
(typearea)             DIV  = 11
(typearea)             BCOR = 0.0pt
(typearea)             \paperwidth      = 614.295pt
(typearea)              \textwidth      = 446.76004pt
(typearea)              DIV departure   = -14%
(typearea)              \evensidemargin = 11.49748pt
(typearea)              \oddsidemargin  = 11.49748pt
(typearea)             \paperheight     = 794.96999pt
(typearea)              \textheight     = 582.20026pt
(typearea)              \topmargin      = -37.40001pt
(typearea)              \headheight     = 17.0pt
(typearea)              \headsep        = 20.40001pt
(typearea)              \topskip        = 11.0pt
(typearea)              \footskip       = 47.6pt
(typearea)              \baselineskip   = 13.6pt
(typearea)              on input line 1810.
)
\c_scrreprt_cmdhook_cctab=\catcodetable14
\c@part=\count274
\c@chapter=\count275
\c@section=\count276
\c@subsection=\count277
\c@subsubsection=\count278
\c@paragraph=\count279
\c@subparagraph=\count280
\scr@dte@chapter@maxnumwidth=\skip55
Class scrreprt Info: using compatibility default `afterindent=bysign'
(scrreprt)           for `\chapter on input line 5934.
\scr@dte@section@maxnumwidth=\skip56
Class scrreprt Info: using compatibility default `runin=bysign'
(scrreprt)           for `\section on input line 5945.
Class scrreprt Info: using compatibility default `afterindent=bysign'
(scrreprt)           for `\section on input line 5945.
\scr@dte@part@maxnumwidth=\skip57
Class scrreprt Info: using compatibility default `afterindent=true'
(scrreprt)           for `\part on input line 5954.
\scr@dte@subsection@maxnumwidth=\skip58
Class scrreprt Info: using compatibility default `runin=bysign'
(scrreprt)           for `\subsection on input line 5964.
Class scrreprt Info: using compatibility default `afterindent=bysign'
(scrreprt)           for `\subsection on input line 5964.
\scr@dte@subsubsection@maxnumwidth=\skip59
Class scrreprt Info: using compatibility default `runin=bysign'
(scrreprt)           for `\subsubsection on input line 5974.
Class scrreprt Info: using compatibility default `afterindent=bysign'
(scrreprt)           for `\subsubsection on input line 5974.
\scr@dte@paragraph@maxnumwidth=\skip60
Class scrreprt Info: using compatibility default `runin=bysign'
(scrreprt)           for `\paragraph on input line 5985.
Class scrreprt Info: using compatibility default `afterindent=bysign'
(scrreprt)           for `\paragraph on input line 5985.
\scr@dte@subparagraph@maxnumwidth=\skip61
Class scrreprt Info: using compatibility default `runin=bysign'
(scrreprt)           for `\subparagraph on input line 5995.
Class scrreprt Info: using compatibility default `afterindent=bysign'
(scrreprt)           for `\subparagraph on input line 5995.
\abovecaptionskip=\skip62
\belowcaptionskip=\skip63
\c@pti@nb@sid@b@x=\box54
Package tocbasic Info: omitting babel extension for `lof'
(tocbasic)             because of feature `nobabel' available
(tocbasic)             for `lof' on input line 7225.
\scr@dte@figure@maxnumwidth=\skip64
\c@figure=\count281
Package tocbasic Info: omitting babel extension for `lot'
(tocbasic)             because of feature `nobabel' available
(tocbasic)             for `lot' on input line 7238.
\scr@dte@table@maxnumwidth=\skip65
\c@table=\count282
Class scrreprt Info: Redefining `\numberline' on input line 7409.
\bibindent=\dimen147
) (c:/ProgramData/TinyTeX/texmf-dist/tex/latex/xcolor/xcolor.sty
Package: xcolor 2024/09/29 v3.02 LaTeX color extensions (UK)
(c:/ProgramData/TinyTeX/texmf-dist/tex/latex/graphics-cfg/color.cfg
File: color.cfg 2016/01/02 v1.6 sample color configuration
)
Package xcolor Info: Driver file: luatex.def on input line 274.
(c:/ProgramData/TinyTeX/texmf-dist/tex/latex/graphics-def/luatex.def
File: luatex.def 2025/09/29 v1.2f Graphics/color driver for luatex
) (c:/ProgramData/TinyTeX/texmf-dist/tex/latex/graphics/mathcolor.ltx)
Package xcolor Info: Model `cmy' substituted by `cmy0' on input line 1349.
Package xcolor Info: Model `hsb' substituted by `rgb' on input line 1353.
Package xcolor Info: Model `RGB' extended on input line 1365.
Package xcolor Info: Model `HTML' substituted by `rgb' on input line 1367.
Package xcolor Info: Model `Hsb' substituted by `hsb' on input line 1368.
Package xcolor Info: Model `tHsb' substituted by `hsb' on input line 1369.
Package xcolor Info: Model `HSB' substituted by `hsb' on input line 1370.
Package xcolor Info: Model `Gray' substituted by `gray' on input line 1371.
Package xcolor Info: Model `wave' substituted by `hsb' on input line 1372.
) (c:/ProgramData/TinyTeX/texmf-dist/tex/latex/graphics/dvipsnam.def
File: dvipsnam.def 2016/06/17 v3.0m Driver-dependent file (DPC,SPQR)
) (c:/ProgramData/TinyTeX/texmf-dist/tex/latex/xcolor/svgnam.def
File: svgnam.def 2024/09/29 v3.02 Predefined colors according to SVG 1.1 (UK)
) (c:/ProgramData/TinyTeX/texmf-dist/tex/latex/xcolor/x11nam.def
File: x11nam.def 2024/09/29 v3.02 Predefined colors according to Unix/X11 (UK)
) (c:/ProgramData/TinyTeX/texmf-dist/tex/latex/amsmath/amsmath.sty
Package: amsmath 2025/07/09 v2.17z AMS math features
\@mathmargin=\skip66
For additional information on amsmath, use the `?' option.
(c:/ProgramData/TinyTeX/texmf-dist/tex/latex/amsmath/amstext.sty
Package: amstext 2024/11/17 v2.01 AMS text
(c:/ProgramData/TinyTeX/texmf-dist/tex/latex/amsmath/amsgen.sty
File: amsgen.sty 1999/11/30 v2.0 generic functions
\@emptytoks=\toks18
\ex@=\dimen148
)) (c:/ProgramData/TinyTeX/texmf-dist/tex/latex/amsmath/amsbsy.sty
Package: amsbsy 1999/11/29 v1.2d Bold Symbols
\pmbraise@=\dimen149
) (c:/ProgramData/TinyTeX/texmf-dist/tex/latex/amsmath/amsopn.sty
Package: amsopn 2022/04/08 v2.04 operator names
)
\inf@bad=\count283
LaTeX Info: Redefining \frac on input line 235.
\uproot@=\count284
\leftroot@=\count285
LaTeX Info: Redefining \overline on input line 398.
LaTeX Info: Redefining \colon on input line 409.
\classnum@=\count286
\DOTSCASE@=\count287
LaTeX Info: Redefining \ldots on input line 495.
LaTeX Info: Redefining \dots on input line 498.
LaTeX Info: Redefining \cdots on input line 619.
\Mathstrutbox@=\box55
\strutbox@=\box56
LaTeX Info: Redefining \big on input line 721.
LaTeX Info: Redefining \Big on input line 722.
LaTeX Info: Redefining \bigg on input line 723.
LaTeX Info: Redefining \Bigg on input line 724.
\big@size=\dimen150
LaTeX Font Info:    Redeclaring font encoding OML on input line 742.
LaTeX Font Info:    Redeclaring font encoding OMS on input line 743.
\macc@depth=\count288
LaTeX Info: Redefining \bmod on input line 904.
LaTeX Info: Redefining \pmod on input line 909.
LaTeX Info: Redefining \smash on input line 939.
LaTeX Info: Redefining \relbar on input line 969.
LaTeX Info: Redefining \Relbar on input line 970.
\c@MaxMatrixCols=\count289
\dotsspace@=\muskip17
\c@parentequation=\count290
\dspbrk@lvl=\count291
\tag@help=\toks19
\row@=\count292
\column@=\count293
\maxfields@=\count294
\andhelp@=\toks20
\eqnshift@=\dimen151
\alignsep@=\dimen152
\tagshift@=\dimen153
\tagwidth@=\dimen154
\totwidth@=\dimen155
\lineht@=\dimen156
\@envbody=\toks21
\multlinegap=\skip67
\multlinetaggap=\skip68
\mathdisplay@stack=\toks22
LaTeX Info: Redefining \[ on input line 2950.
LaTeX Info: Redefining \] on input line 2951.
) (c:/ProgramData/TinyTeX/texmf-dist/tex/latex/amsfonts/amssymb.sty
Package: amssymb 2013/01/14 v3.01 AMS font symbols
(c:/ProgramData/TinyTeX/texmf-dist/tex/latex/amsfonts/amsfonts.sty
Package: amsfonts 2013/01/14 v3.01 Basic AMSFonts support
\symAMSa=\mathgroup4
\symAMSb=\mathgroup5
LaTeX Font Info:    Redeclaring math symbol \hbar on input line 98.
LaTeX Font Info:    Overwriting math alphabet `\mathfrak' in version `bold'
(Font)                  U/euf/m/n --> U/euf/b/n on input line 106.
)) (c:/ProgramData/TinyTeX/texmf-dist/tex/generic/iftex/iftex.sty
Package: iftex 2024/12/12 v1.0g TeX engine tests
) (c:/ProgramData/TinyTeX/texmf-dist/tex/latex/unicode-math/unicode-math.sty (c:/ProgramData/TinyTeX/texmf-dist/tex/latex/l3kernel/expl3.sty
Package: expl3 2026-01-19 L3 programming layer (loader) 
(c:/ProgramData/TinyTeX/texmf-dist/tex/latex/l3backend/l3backend-luatex.def
File: l3backend-luatex.def 2025-10-09 L3 backend support: PDF output (LuaTeX)
\l__color_backend_stack_int=\count295
Inserting `l3color' in `luaotfload.parse_color'.))
Package: unicode-math 2023/08/13 v0.8r Unicode maths in XeLaTeX and LuaLaTeX
(c:/ProgramData/TinyTeX/texmf-dist/tex/latex/unicode-math/unicode-math-luatex.sty
Package: unicode-math-luatex 2023/08/13 v0.8r Unicode maths in XeLaTeX and LuaLaTeX
(c:/ProgramData/TinyTeX/texmf-dist/tex/latex/l3packages/xparse/xparse.sty
Package: xparse 2025-10-09 L3 Experimental document command parser
) (c:/ProgramData/TinyTeX/texmf-dist/tex/latex/l3packages/l3keys2e/l3keys2e.sty
Package: l3keys2e 2025-10-09 LaTeX2e option processing using LaTeX3 keys
) (c:/ProgramData/TinyTeX/texmf-dist/tex/latex/fontspec/fontspec.sty
Package: fontspec 2025/09/29 v2.9g Font selection for XeLaTeX and LuaLaTeX
Lua module: fontspec 2025/09/29 v2.9g Font selection for XeLaTeX and LuaLaTeX (c:/ProgramData/TinyTeX/texmf-dist/tex/latex/fontspec/fontspec-luatex.sty
Package: fontspec-luatex 2025/09/29 v2.9g Font selection for XeLaTeX and LuaLaTeX
\l__fontspec_script_int=\count296
\l__fontspec_language_int=\count297
\l__fontspec_strnum_int=\count298
\l__fontspec_tmp_int=\count299
\l__fontspec_tmpa_int=\count300
\l__fontspec_tmpb_int=\count301
\l__fontspec_tmpc_int=\count302
\l__fontspec_em_int=\count303
\l__fontspec_emdef_int=\count304
\l__fontspec_strong_int=\count305
\l__fontspec_strongdef_int=\count306
\l__fontspec_tmpa_dim=\dimen157
\l__fontspec_tmpb_dim=\dimen158
\l__fontspec_tmpc_dim=\dimen159
(c:/ProgramData/TinyTeX/texmf-dist/tex/latex/base/fontenc.sty
Package: fontenc 2025/07/18 v2.1d Standard LaTeX package
) (c:/ProgramData/TinyTeX/texmf-dist/tex/latex/fontspec/fontspec.cfg))) (c:/ProgramData/TinyTeX/texmf-dist/tex/latex/base/fix-cm.sty
Package: fix-cm 2020/11/24 v1.1t fixes to LaTeX
(c:/ProgramData/TinyTeX/texmf-dist/tex/latex/base/ts1enc.def
File: ts1enc.def 2001/06/05 v3.0e (jk/car/fm) Standard LaTeX file
LaTeX Font Info:    Redeclaring font encoding TS1 on input line 47.
LaTeX Encoding Info:    Redeclaring text command \capitalcedilla (encoding TS1) on input line 49.
LaTeX Encoding Info:    Redeclaring text command \capitalogonek (encoding TS1) on input line 52.
LaTeX Encoding Info:    Redeclaring text command \capitalgrave (encoding TS1) on input line 55.
LaTeX Encoding Info:    Redeclaring text command \capitalacute (encoding TS1) on input line 56.
LaTeX Encoding Info:    Redeclaring text command \capitalcircumflex (encoding TS1) on input line 57.
LaTeX Encoding Info:    Redeclaring text command \capitaltilde (encoding TS1) on input line 58.
LaTeX Encoding Info:    Redeclaring text command \capitaldieresis (encoding TS1) on input line 59.
LaTeX Encoding Info:    Redeclaring text command \capitalhungarumlaut (encoding TS1) on input line 60.
LaTeX Encoding Info:    Redeclaring text command \capitalring (encoding TS1) on input line 61.
LaTeX Encoding Info:    Redeclaring text command \capitalcaron (encoding TS1) on input line 62.
LaTeX Encoding Info:    Redeclaring text command \capitalbreve (encoding TS1) on input line 63.
LaTeX Encoding Info:    Redeclaring text command \capitalmacron (encoding TS1) on input line 64.
LaTeX Encoding Info:    Redeclaring text command \capitaldotaccent (encoding TS1) on input line 65.
LaTeX Encoding Info:    Redeclaring text command \t (encoding TS1) on input line 66.
LaTeX Encoding Info:    Redeclaring text command \capitaltie (encoding TS1) on input line 67.
LaTeX Encoding Info:    Redeclaring text command \newtie (encoding TS1) on input line 68.
LaTeX Encoding Info:    Redeclaring text command \capitalnewtie (encoding TS1) on input line 69.
LaTeX Encoding Info:    Redeclaring text symbol \textcapitalcompwordmark (encoding TS1) on input line 70.
LaTeX Encoding Info:    Redeclaring text symbol \textascendercompwordmark (encoding TS1) on input line 71.
LaTeX Encoding Info:    Redeclaring text symbol \textquotestraightbase (encoding TS1) on input line 72.
LaTeX Encoding Info:    Redeclaring text symbol \textquotestraightdblbase (encoding TS1) on input line 73.
LaTeX Encoding Info:    Redeclaring text symbol \texttwelveudash (encoding TS1) on input line 74.
LaTeX Encoding Info:    Redeclaring text symbol \textthreequartersemdash (encoding TS1) on input line 75.
LaTeX Encoding Info:    Redeclaring text symbol \textleftarrow (encoding TS1) on input line 76.
LaTeX Encoding Info:    Redeclaring text symbol \textrightarrow (encoding TS1) on input line 77.
LaTeX Encoding Info:    Redeclaring text symbol \textblank (encoding TS1) on input line 78.
LaTeX Encoding Info:    Redeclaring text symbol \textdollar (encoding TS1) on input line 79.
LaTeX Encoding Info:    Redeclaring text symbol \textquotesingle (encoding TS1) on input line 80.
LaTeX Encoding Info:    Redeclaring text command \textasteriskcentered (encoding TS1) on input line 81.
LaTeX Encoding Info:    Redeclaring text symbol \textdblhyphen (encoding TS1) on input line 92.
LaTeX Encoding Info:    Redeclaring text symbol \textfractionsolidus (encoding TS1) on input line 93.
LaTeX Encoding Info:    Redeclaring text symbol \textzerooldstyle (encoding TS1) on input line 94.
LaTeX Encoding Info:    Redeclaring text symbol \textoneoldstyle (encoding TS1) on input line 95.
LaTeX Encoding Info:    Redeclaring text symbol \texttwooldstyle (encoding TS1) on input line 96.
LaTeX Encoding Info:    Redeclaring text symbol \textthreeoldstyle (encoding TS1) on input line 97.
LaTeX Encoding Info:    Redeclaring text symbol \textfouroldstyle (encoding TS1) on input line 98.
LaTeX Encoding Info:    Redeclaring text symbol \textfiveoldstyle (encoding TS1) on input line 99.
LaTeX Encoding Info:    Redeclaring text symbol \textsixoldstyle (encoding TS1) on input line 100.
LaTeX Encoding Info:    Redeclaring text symbol \textsevenoldstyle (encoding TS1) on input line 101.
LaTeX Encoding Info:    Redeclaring text symbol \texteightoldstyle (encoding TS1) on input line 102.
LaTeX Encoding Info:    Redeclaring text symbol \textnineoldstyle (encoding TS1) on input line 103.
LaTeX Encoding Info:    Redeclaring text symbol \textlangle (encoding TS1) on input line 104.
LaTeX Encoding Info:    Redeclaring text symbol \textminus (encoding TS1) on input line 105.
LaTeX Encoding Info:    Redeclaring text symbol \textrangle (encoding TS1) on input line 106.
LaTeX Encoding Info:    Redeclaring text symbol \textmho (encoding TS1) on input line 107.
LaTeX Encoding Info:    Redeclaring text symbol \textbigcircle (encoding TS1) on input line 108.
LaTeX Encoding Info:    Redeclaring text command \textcircled (encoding TS1) on input line 109.
LaTeX Encoding Info:    Redeclaring text symbol \textohm (encoding TS1) on input line 115.
LaTeX Encoding Info:    Redeclaring text symbol \textlbrackdbl (encoding TS1) on input line 116.
LaTeX Encoding Info:    Redeclaring text symbol \textrbrackdbl (encoding TS1) on input line 117.
LaTeX Encoding Info:    Redeclaring text symbol \textuparrow (encoding TS1) on input line 118.
LaTeX Encoding Info:    Redeclaring text symbol \textdownarrow (encoding TS1) on input line 119.
LaTeX Encoding Info:    Redeclaring text symbol \textasciigrave (encoding TS1) on input line 120.
LaTeX Encoding Info:    Redeclaring text symbol \textborn (encoding TS1) on input line 121.
LaTeX Encoding Info:    Redeclaring text symbol \textdivorced (encoding TS1) on input line 122.
LaTeX Encoding Info:    Redeclaring text symbol \textdied (encoding TS1) on input line 123.
LaTeX Encoding Info:    Redeclaring text symbol \textleaf (encoding TS1) on input line 124.
LaTeX Encoding Info:    Redeclaring text symbol \textmarried (encoding TS1) on input line 125.
LaTeX Encoding Info:    Redeclaring text symbol \textmusicalnote (encoding TS1) on input line 126.
LaTeX Encoding Info:    Redeclaring text symbol \texttildelow (encoding TS1) on input line 127.
LaTeX Encoding Info:    Redeclaring text symbol \textdblhyphenchar (encoding TS1) on input line 128.
LaTeX Encoding Info:    Redeclaring text symbol \textasciibreve (encoding TS1) on input line 129.
LaTeX Encoding Info:    Redeclaring text symbol \textasciicaron (encoding TS1) on input line 130.
LaTeX Encoding Info:    Redeclaring text symbol \textacutedbl (encoding TS1) on input line 131.
LaTeX Encoding Info:    Redeclaring text symbol \textgravedbl (encoding TS1) on input line 132.
LaTeX Encoding Info:    Redeclaring text symbol \textdagger (encoding TS1) on input line 133.
LaTeX Encoding Info:    Redeclaring text symbol \textdaggerdbl (encoding TS1) on input line 134.
LaTeX Encoding Info:    Redeclaring text symbol \textbardbl (encoding TS1) on input line 135.
LaTeX Encoding Info:    Redeclaring text symbol \textperthousand (encoding TS1) on input line 136.
LaTeX Encoding Info:    Redeclaring text symbol \textbullet (encoding TS1) on input line 137.
LaTeX Encoding Info:    Redeclaring text symbol \textcelsius (encoding TS1) on input line 138.
LaTeX Encoding Info:    Redeclaring text symbol \textdollaroldstyle (encoding TS1) on input line 139.
LaTeX Encoding Info:    Redeclaring text symbol \textcentoldstyle (encoding TS1) on input line 140.
LaTeX Encoding Info:    Redeclaring text symbol \textflorin (encoding TS1) on input line 141.
LaTeX Encoding Info:    Redeclaring text symbol \textcolonmonetary (encoding TS1) on input line 142.
LaTeX Encoding Info:    Redeclaring text symbol \textwon (encoding TS1) on input line 143.
LaTeX Encoding Info:    Redeclaring text symbol \textnaira (encoding TS1) on input line 144.
LaTeX Encoding Info:    Redeclaring text symbol \textguarani (encoding TS1) on input line 145.
LaTeX Encoding Info:    Redeclaring text symbol \textpeso (encoding TS1) on input line 146.
LaTeX Encoding Info:    Redeclaring text symbol \textlira (encoding TS1) on input line 147.
LaTeX Encoding Info:    Redeclaring text symbol \textrecipe (encoding TS1) on input line 148.
LaTeX Encoding Info:    Redeclaring text symbol \textinterrobang (encoding TS1) on input line 149.
LaTeX Encoding Info:    Redeclaring text symbol \textinterrobangdown (encoding TS1) on input line 150.
LaTeX Encoding Info:    Redeclaring text symbol \textdong (encoding TS1) on input line 151.
LaTeX Encoding Info:    Redeclaring text symbol \texttrademark (encoding TS1) on input line 152.
LaTeX Encoding Info:    Redeclaring text symbol \textpertenthousand (encoding TS1) on input line 153.
LaTeX Encoding Info:    Redeclaring text symbol \textpilcrow (encoding TS1) on input line 154.
LaTeX Encoding Info:    Redeclaring text symbol \textbaht (encoding TS1) on input line 155.
LaTeX Encoding Info:    Redeclaring text symbol \textnumero (encoding TS1) on input line 156.
LaTeX Encoding Info:    Redeclaring text symbol \textdiscount (encoding TS1) on input line 157.
LaTeX Encoding Info:    Redeclaring text symbol \textestimated (encoding TS1) on input line 158.
LaTeX Encoding Info:    Redeclaring text symbol \textopenbullet (encoding TS1) on input line 159.
LaTeX Encoding Info:    Redeclaring text symbol \textservicemark (encoding TS1) on input line 160.
LaTeX Encoding Info:    Redeclaring text symbol \textlquill (encoding TS1) on input line 161.
LaTeX Encoding Info:    Redeclaring text symbol \textrquill (encoding TS1) on input line 162.
LaTeX Encoding Info:    Redeclaring text symbol \textcent (encoding TS1) on input line 163.
LaTeX Encoding Info:    Redeclaring text symbol \textsterling (encoding TS1) on input line 164.
LaTeX Encoding Info:    Redeclaring text symbol \textcurrency (encoding TS1) on input line 165.
LaTeX Encoding Info:    Redeclaring text symbol \textyen (encoding TS1) on input line 166.
LaTeX Encoding Info:    Redeclaring text symbol \textbrokenbar (encoding TS1) on input line 167.
LaTeX Encoding Info:    Redeclaring text symbol \textsection (encoding TS1) on input line 168.
LaTeX Encoding Info:    Redeclaring text symbol \textasciidieresis (encoding TS1) on input line 169.
LaTeX Encoding Info:    Redeclaring text symbol \textcopyright (encoding TS1) on input line 170.
LaTeX Encoding Info:    Redeclaring text symbol \textordfeminine (encoding TS1) on input line 171.
LaTeX Encoding Info:    Redeclaring text symbol \textcopyleft (encoding TS1) on input line 172.
LaTeX Encoding Info:    Redeclaring text symbol \textlnot (encoding TS1) on input line 173.
LaTeX Encoding Info:    Redeclaring text symbol \textcircledP (encoding TS1) on input line 174.
LaTeX Encoding Info:    Redeclaring text symbol \textregistered (encoding TS1) on input line 175.
LaTeX Encoding Info:    Redeclaring text symbol \textasciimacron (encoding TS1) on input line 176.
LaTeX Encoding Info:    Redeclaring text symbol \textdegree (encoding TS1) on input line 177.
LaTeX Encoding Info:    Redeclaring text symbol \textpm (encoding TS1) on input line 178.
LaTeX Encoding Info:    Redeclaring text symbol \texttwosuperior (encoding TS1) on input line 179.
LaTeX Encoding Info:    Redeclaring text symbol \textthreesuperior (encoding TS1) on input line 180.
LaTeX Encoding Info:    Redeclaring text symbol \textasciiacute (encoding TS1) on input line 181.
LaTeX Encoding Info:    Redeclaring text symbol \textmu (encoding TS1) on input line 182.
LaTeX Encoding Info:    Redeclaring text symbol \textparagraph (encoding TS1) on input line 183.
LaTeX Encoding Info:    Redeclaring text symbol \textperiodcentered (encoding TS1) on input line 184.
LaTeX Encoding Info:    Redeclaring text symbol \textreferencemark (encoding TS1) on input line 185.
LaTeX Encoding Info:    Redeclaring text symbol \textonesuperior (encoding TS1) on input line 186.
LaTeX Encoding Info:    Redeclaring text symbol \textordmasculine (encoding TS1) on input line 187.
LaTeX Encoding Info:    Redeclaring text symbol \textsurd (encoding TS1) on input line 188.
LaTeX Encoding Info:    Redeclaring text symbol \textonequarter (encoding TS1) on input line 189.
LaTeX Encoding Info:    Redeclaring text symbol \textonehalf (encoding TS1) on input line 190.
LaTeX Encoding Info:    Redeclaring text symbol \textthreequarters (encoding TS1) on input line 191.
LaTeX Encoding Info:    Redeclaring text symbol \texteuro (encoding TS1) on input line 192.
LaTeX Encoding Info:    Redeclaring text symbol \texttimes (encoding TS1) on input line 193.
LaTeX Encoding Info:    Redeclaring text symbol \textdiv (encoding TS1) on input line 194.
)) (c:/ProgramData/TinyTeX/texmf-dist/tex/lualatex/lualatex-math/lualatex-math.sty
Package: lualatex-math 2022/01/01 v1.12 Patches for mathematics typesetting with LuaLaTeX
(c:/ProgramData/TinyTeX/texmf-dist/tex/latex/etoolbox/etoolbox.sty
Package: etoolbox 2025/10/02 v2.5m e-TeX tools for LaTeX (JAW)
\etb@tempcnta=\count307
)
Lua module: lualatex-math 2013/08/03 v1.3 Patches for mathematics typesetting with LuaLaTeX)
\g__um_fam_int=\count308
\g__um_fonts_used_int=\count309
\l__um_primecount_int=\count310
\g__um_primekern_muskip=\muskip18
(c:/ProgramData/TinyTeX/texmf-dist/tex/latex/unicode-math/unicode-math-table.tex))) (c:/ProgramData/TinyTeX/texmf-dist/tex/latex/lm/lmodern.sty
Package: lmodern 2015/05/01 v1.6.1 Latin Modern Fonts
LaTeX Font Info:    Overwriting symbol font `operators' in version `normal'
(Font)                  OT1/cmr/m/n --> OT1/lmr/m/n on input line 22.
LaTeX Font Info:    Overwriting symbol font `letters' in version `normal'
(Font)                  OML/cmm/m/it --> OML/lmm/m/it on input line 23.
LaTeX Font Info:    Overwriting symbol font `symbols' in version `normal'
(Font)                  OMS/cmsy/m/n --> OMS/lmsy/m/n on input line 24.
LaTeX Font Info:    Overwriting symbol font `largesymbols' in version `normal'
(Font)                  OMX/cmex/m/n --> OMX/lmex/m/n on input line 25.
LaTeX Font Info:    Overwriting symbol font `operators' in version `bold'
(Font)                  OT1/cmr/bx/n --> OT1/lmr/bx/n on input line 26.
LaTeX Font Info:    Overwriting symbol font `letters' in version `bold'
(Font)                  OML/cmm/b/it --> OML/lmm/b/it on input line 27.
LaTeX Font Info:    Overwriting symbol font `symbols' in version `bold'
(Font)                  OMS/cmsy/b/n --> OMS/lmsy/b/n on input line 28.
LaTeX Font Info:    Overwriting symbol font `largesymbols' in version `bold'
(Font)                  OMX/cmex/m/n --> OMX/lmex/m/n on input line 29.
LaTeX Font Info:    Overwriting math alphabet `\mathbf' in version `normal'
(Font)                  OT1/cmr/bx/n --> OT1/lmr/bx/n on input line 31.
LaTeX Font Info:    Overwriting math alphabet `\mathsf' in version `normal'
(Font)                  OT1/cmss/m/n --> OT1/lmss/m/n on input line 32.
LaTeX Font Info:    Overwriting math alphabet `\mathit' in version `normal'
(Font)                  OT1/cmr/m/it --> OT1/lmr/m/it on input line 33.
LaTeX Font Info:    Overwriting math alphabet `\mathtt' in version `normal'
(Font)                  OT1/cmtt/m/n --> OT1/lmtt/m/n on input line 34.
LaTeX Font Info:    Overwriting math alphabet `\mathbf' in version `bold'
(Font)                  OT1/cmr/bx/n --> OT1/lmr/bx/n on input line 35.
LaTeX Font Info:    Overwriting math alphabet `\mathsf' in version `bold'
(Font)                  OT1/cmss/bx/n --> OT1/lmss/bx/n on input line 36.
LaTeX Font Info:    Overwriting math alphabet `\mathit' in version `bold'
(Font)                  OT1/cmr/bx/it --> OT1/lmr/bx/it on input line 37.
LaTeX Font Info:    Overwriting math alphabet `\mathtt' in version `bold'
(Font)                  OT1/cmtt/m/n --> OT1/lmtt/m/n on input line 38.
) (c:/ProgramData/TinyTeX/texmf-dist/tex/latex/microtype/microtype.sty
Package: microtype 2026/02/26 v3.2c Micro-typographical refinements (RS)
\MT@toks=\toks23
\MT@tempbox=\box57
\MT@count=\count311
LaTeX Info: Redefining \noprotrusionifhmode on input line 1084.
LaTeX Info: Redefining \leftprotrusion on input line 1085.
\MT@prot@toks=\toks24
LaTeX Info: Redefining \rightprotrusion on input line 1104.
LaTeX Info: Redefining \textls on input line 1449.
\MT@outer@kern=\dimen160
LaTeX Info: Redefining \microtypecontext on input line 2053.
LaTeX Info: Redefining \textmicrotypecontext on input line 2070.
\MT@listname@count=\count312
(c:/ProgramData/TinyTeX/texmf-dist/tex/latex/microtype/microtype-luatex.def
File: microtype-luatex.def 2026/02/26 v3.2c Definitions specific to luatex (RS)
Lua module: microtype 2026/02/26 v3.2c microtype module.
Module microtype Info: overwriting function `keepligature' on input line 63
LaTeX Info: Redefining \lsstyle on input line 779.
LaTeX Info: Redefining \lslig on input line 779.
\MT@outer@space=\skip69
)
Package microtype Info: Loading configuration file microtype.cfg.
(c:/ProgramData/TinyTeX/texmf-dist/tex/latex/microtype/microtype.cfg
File: microtype.cfg 2026/02/26 v3.2c microtype main configuration file (RS)
)
LaTeX Info: Redefining \microtypesetup on input line 3065.
) (c:/ProgramData/TinyTeX/texmf-dist/tex/latex/fancyvrb/fancyvrb.sty
Package: fancyvrb 2025/07/28 4.6 verbatim text (tvz,hv)
\FV@CodeLineNo=\count313
\FV@InFile=\read2
\FV@TabBox=\box58
\c@FancyVerbLine=\count314
\FV@StepNumber=\count315
\FV@OutFile=\write3
) (c:/ProgramData/TinyTeX/texmf-dist/tex/latex/framed/framed.sty
Package: framed 2011/10/22 v 0.96: framed or shaded text with page breaks
\OuterFrameSep=\skip70
\fb@frw=\dimen161
\fb@frh=\dimen162
\FrameRule=\dimen163
\FrameSep=\dimen164
) (c:/ProgramData/TinyTeX/texmf-dist/tex/latex/tools/longtable.sty
Package: longtable 2025-10-13 v4.24 Multi-page Table package (DPC)
\LTleft=\skip71
\LTright=\skip72
\LTpre=\skip73
\LTpost=\skip74
\LTchunksize=\count316
\LTcapwidth=\dimen165
\LT@head=\box59
\LT@firsthead=\box60
\LT@foot=\box61
\LT@lastfoot=\box62
\LT@gbox=\box63
\LT@cols=\count317
\LT@rows=\count318
\c@LT@tables=\count319
\c@LT@chunks=\count320
\LT@p@ftn=\toks25
)
Class scrreprt Info: longtable captions redefined on input line 111.
(c:/ProgramData/TinyTeX/texmf-dist/tex/latex/booktabs/booktabs.sty
Package: booktabs 2020/01/12 v1.61803398 Publication quality tables
\heavyrulewidth=\dimen166
\lightrulewidth=\dimen167
\cmidrulewidth=\dimen168
\belowrulesep=\dimen169
\belowbottomsep=\dimen170
\aboverulesep=\dimen171
\abovetopsep=\dimen172
\cmidrulesep=\dimen173
\cmidrulekern=\dimen174
\defaultaddspace=\dimen175
\@cmidla=\count321
\@cmidlb=\count322
\@aboverulesep=\dimen176
\@belowrulesep=\dimen177
\@thisruleclass=\count323
\@lastruleclass=\count324
\@thisrulewidth=\dimen178
) (c:/ProgramData/TinyTeX/texmf-dist/tex/latex/tools/array.sty
Package: array 2025/09/25 v2.6n Tabular extension package (FMi)
\col@sep=\dimen179
\ar@mcellbox=\box64
\extrarowheight=\dimen180
\NC@list=\toks26
\extratabsurround=\skip75
\backup@length=\skip76
\ar@cellbox=\box65
) (c:/ProgramData/TinyTeX/texmf-dist/tex/latex/tools/calc.sty
Package: calc 2025/03/01 v4.3b Infix arithmetic (KKT,FJ)
\calc@Acount=\count325
\calc@Bcount=\count326
\calc@Adimen=\dimen181
\calc@Bdimen=\dimen182
\calc@Askip=\skip77
\calc@Bskip=\skip78
LaTeX Info: Redefining \setlength on input line 86.
LaTeX Info: Redefining \addtolength on input line 87.
\calc@Ccount=\count327
\calc@Cskip=\skip79
) (c:/ProgramData/TinyTeX/texmf-dist/tex/latex/mdwtools/footnote.sty
Package: footnote 1997/01/28 1.13 Save footnotes around boxes
\fn@notes=\box66
\fn@width=\dimen183
) (c:/ProgramData/TinyTeX/texmf-dist/tex/latex/graphics/graphicx.sty
Package: graphicx 2024/12/31 v1.2e Enhanced LaTeX Graphics (DPC,SPQR)
(c:/ProgramData/TinyTeX/texmf-dist/tex/latex/graphics/graphics.sty
Package: graphics 2024/08/06 v1.4g Standard LaTeX Graphics (DPC,SPQR)
(c:/ProgramData/TinyTeX/texmf-dist/tex/latex/graphics/trig.sty
Package: trig 2023/12/02 v1.11 sin cos tan (DPC)
) (c:/ProgramData/TinyTeX/texmf-dist/tex/latex/graphics-cfg/graphics.cfg
File: graphics.cfg 2016/06/04 v1.11 sample graphics configuration
)
Package graphics Info: Driver file: luatex.def on input line 106.
)
\Gin@req@height=\dimen184
\Gin@req@width=\dimen185
)
\pandoc@box=\box67
\cslhangindent=\skip80
\csllabelwidth=\skip81
(c:/ProgramData/TinyTeX/texmf-dist/tex/generic/babel/babel.sty
Package: babel 2026/02/14 v26.3 The multilingual framework for LuaLaTeX, pdfLaTeX and XeLaTeX
(c:/ProgramData/TinyTeX/texmf-dist/tex/generic/babel/luababel.def
\bbl@readstream=\read3
\l@dumylang=\language2
Package babel Info: Non-standard hyphenation setup on input line 118.
\l@nohyphenation=\language3
\l@portuguese=\language4
\babelcatcodetablenum=\catcodetable15
\bbl@pattcodes=\catcodetable16
)
\babel@savecnt=\count328
LaTeX Encoding Info:    Redeclaring text command \ij (encoding OT1) on input line 2078.
LaTeX Encoding Info:    Redeclaring text command \IJ (encoding OT1) on input line 2080.
LaTeX Encoding Info:    Redeclaring text command \ij (encoding T1) on input line 2082.
LaTeX Encoding Info:    Redeclaring text command \IJ (encoding T1) on input line 2083.
LaTeX Encoding Info:    Ignoring declaration for text command \ij (encoding ?) on input line 2084.
LaTeX Encoding Info:    Ignoring declaration for text command \IJ (encoding ?) on input line 2086.
LaTeX Encoding Info:    Ignoring declaration for text command \SS (encoding ?) on input line 2111.
\U@D=\dimen186
\l@unhyphenated=\language5
(c:/ProgramData/TinyTeX/texmf-dist/tex/generic/babel/luababel.def
\bbl@attr@locale=\attribute4
(c:/ProgramData/TinyTeX/texmf-dist/tex/luatex/luatexbase/luatexbase.sty
Package: luatexbase 2015/10/04 v1.3 luatexbase interface to LuaTeX 
(c:/ProgramData/TinyTeX/texmf-dist/tex/luatex/ctablestack/ctablestack.sty
Package: ctablestack 2015/10/01 v1.0 Catcode table stable support
\@catcodetablestackcnt=\count329
)
\CatcodeTableOther=\catcodetable17
\CatcodeTableExpl=\catcodetable18
)
Removing  `luaotfload.node_processor' from `pre_linebreak_filter'.
Inserting `Babel.pre_otfload_v' in `pre_linebreak_filter'.
Inserting `luaotfload.node_processor' in `pre_linebreak_filter'.
Removing  `luaotfload.node_processor' from `hpack_filter'.
Removing  `luaotfload.harf.finalize_hlist' from `hpack_filter'.
Inserting `Babel.pre_otfload_h' in `hpack_filter'.
Inserting `luaotfload.node_processor' in `hpack_filter'.
Inserting `luaotfload.harf.finalize_hlist' in `hpack_filter'.
\bbl@attr@dir=\attribute5
) (c:/ProgramData/TinyTeX/texmf-dist/tex/generic/babel/locale/pt/babel-brazilian.tex)
Package babel Info: Importing font and identification data for brazilian
(babel)             from babel-pt-BR.ini. Reported on input line 4330.
(c:/ProgramData/TinyTeX/texmf-dist/tex/generic/babel-portuges/brazilian.ldf
Language: portuges 2026/01/24 v1.2u Portuguese support from the babel system
Package babel Info: Hyphen rules for 'brazilian' set to \l@portuguese
(babel)             (\language4). Reported on input line 100.
Package babel Info: Making " an active character on input line 132.
(c:/ProgramData/TinyTeX/texmf-dist/tex/generic/hyph-utf8/loadhyph/loadhyph-pt.tex UTF-8 Portuguese hyphenation patterns (c:/ProgramData/TinyTeX/texmf-dist/tex/generic/hyph-utf8/patterns/tex/hyph-pt.tex)))) (c:/ProgramData/TinyTeX/texmf-dist/tex/latex/eso-pic/eso-pic.sty
Package: eso-pic 2025/12/10 v3.0d eso-pic (RN)
\ESO@tempdima=\dimen187
\ESO@tempdimb=\dimen188
) (c:/ProgramData/TinyTeX/texmf-dist/tex/latex/tcolorbox/tcolorbox.sty
Package: tcolorbox 2025/11/28 version 6.9.0 text color boxes
(c:/ProgramData/TinyTeX/texmf-dist/tex/latex/pgf/frontendlayer/tikz.sty (c:/ProgramData/TinyTeX/texmf-dist/tex/latex/pgf/basiclayer/pgf.sty (c:/ProgramData/TinyTeX/texmf-dist/tex/latex/pgf/utilities/pgfrcs.sty (c:/ProgramData/TinyTeX/texmf-dist/tex/generic/pgf/utilities/pgfutil-common.tex
\pgfutil@everybye=\toks27
\pgfutil@tempdima=\dimen189
\pgfutil@tempdimb=\dimen190
) (c:/ProgramData/TinyTeX/texmf-dist/tex/generic/pgf/utilities/pgfutil-latex.def
\pgfutil@abb=\box68
) (c:/ProgramData/TinyTeX/texmf-dist/tex/generic/pgf/utilities/pgfrcs.code.tex (c:/ProgramData/TinyTeX/texmf-dist/tex/generic/pgf/pgf.revision.tex)
Package: pgfrcs 2025-08-29 v3.1.11a (3.1.11a)
))
Package: pgf 2025-08-29 v3.1.11a (3.1.11a)
(c:/ProgramData/TinyTeX/texmf-dist/tex/latex/pgf/basiclayer/pgfcore.sty (c:/ProgramData/TinyTeX/texmf-dist/tex/latex/pgf/systemlayer/pgfsys.sty (c:/ProgramData/TinyTeX/texmf-dist/tex/generic/pgf/systemlayer/pgfsys.code.tex
Package: pgfsys 2025-08-29 v3.1.11a (3.1.11a)
(c:/ProgramData/TinyTeX/texmf-dist/tex/generic/pgf/utilities/pgfkeys.code.tex
\pgfkeys@pathtoks=\toks28
\pgfkeys@temptoks=\toks29
(c:/ProgramData/TinyTeX/texmf-dist/tex/generic/pgf/utilities/pgfkeyslibraryfiltered.code.tex
\pgfkeys@tmptoks=\toks30
))
\pgf@x=\dimen191
\pgf@y=\dimen192
\pgf@xa=\dimen193
\pgf@ya=\dimen194
\pgf@xb=\dimen195
\pgf@yb=\dimen196
\pgf@xc=\dimen197
\pgf@yc=\dimen198
\pgf@xd=\dimen199
\pgf@yd=\dimen256
\w@pgf@writea=\write4
\r@pgf@reada=\read4
\c@pgf@counta=\count330
\c@pgf@countb=\count331
\c@pgf@countc=\count332
\c@pgf@countd=\count333
\t@pgf@toka=\toks31
\t@pgf@tokb=\toks32
\t@pgf@tokc=\toks33
\pgf@sys@id@count=\count334
(c:/ProgramData/TinyTeX/texmf-dist/tex/generic/pgf/systemlayer/pgf.cfg
File: pgf.cfg 2025-08-29 v3.1.11a (3.1.11a)
)
Driver file for pgf: pgfsys-luatex.def
(c:/ProgramData/TinyTeX/texmf-dist/tex/generic/pgf/systemlayer/pgfsys-luatex.def
File: pgfsys-luatex.def 2025-08-29 v3.1.11a (3.1.11a)
(c:/ProgramData/TinyTeX/texmf-dist/tex/generic/pgf/systemlayer/pgfsys-common-pdf.def
File: pgfsys-common-pdf.def 2025-08-29 v3.1.11a (3.1.11a)
))) (c:/ProgramData/TinyTeX/texmf-dist/tex/generic/pgf/systemlayer/pgfsyssoftpath.code.tex
File: pgfsyssoftpath.code.tex 2025-08-29 v3.1.11a (3.1.11a)
\pgfsyssoftpath@smallbuffer@items=\count335
\pgfsyssoftpath@bigbuffer@items=\count336
) (c:/ProgramData/TinyTeX/texmf-dist/tex/generic/pgf/systemlayer/pgfsysprotocol.code.tex
File: pgfsysprotocol.code.tex 2025-08-29 v3.1.11a (3.1.11a)
)) (c:/ProgramData/TinyTeX/texmf-dist/tex/generic/pgf/basiclayer/pgfcore.code.tex
Package: pgfcore 2025-08-29 v3.1.11a (3.1.11a)
(c:/ProgramData/TinyTeX/texmf-dist/tex/generic/pgf/math/pgfmath.code.tex (c:/ProgramData/TinyTeX/texmf-dist/tex/generic/pgf/math/pgfmathutil.code.tex) (c:/ProgramData/TinyTeX/texmf-dist/tex/generic/pgf/math/pgfmathparser.code.tex
\pgfmath@dimen=\dimen257
\pgfmath@count=\count337
\pgfmath@box=\box69
\pgfmath@toks=\toks34
\pgfmath@stack@operand=\toks35
\pgfmath@stack@operation=\toks36
) (c:/ProgramData/TinyTeX/texmf-dist/tex/generic/pgf/math/pgfmathfunctions.code.tex) (c:/ProgramData/TinyTeX/texmf-dist/tex/generic/pgf/math/pgfmathfunctions.basic.code.tex) (c:/ProgramData/TinyTeX/texmf-dist/tex/generic/pgf/math/pgfmathfunctions.trigonometric.code.tex) (c:/ProgramData/TinyTeX/texmf-dist/tex/generic/pgf/math/pgfmathfunctions.random.code.tex) (c:/ProgramData/TinyTeX/texmf-dist/tex/generic/pgf/math/pgfmathfunctions.comparison.code.tex) (c:/ProgramData/TinyTeX/texmf-dist/tex/generic/pgf/math/pgfmathfunctions.base.code.tex) (c:/ProgramData/TinyTeX/texmf-dist/tex/generic/pgf/math/pgfmathfunctions.round.code.tex) (c:/ProgramData/TinyTeX/texmf-dist/tex/generic/pgf/math/pgfmathfunctions.misc.code.tex) (c:/ProgramData/TinyTeX/texmf-dist/tex/generic/pgf/math/pgfmathfunctions.integerarithmetics.code.tex) (c:/ProgramData/TinyTeX/texmf-dist/tex/generic/pgf/math/pgfmathcalc.code.tex) (c:/ProgramData/TinyTeX/texmf-dist/tex/generic/pgf/math/pgfmathfloat.code.tex
\c@pgfmathroundto@lastzeros=\count338
)) (c:/ProgramData/TinyTeX/texmf-dist/tex/generic/pgf/math/pgfint.code.tex) (c:/ProgramData/TinyTeX/texmf-dist/tex/generic/pgf/basiclayer/pgfcorepoints.code.tex
File: pgfcorepoints.code.tex 2025-08-29 v3.1.11a (3.1.11a)
\pgf@picminx=\dimen258
\pgf@picmaxx=\dimen259
\pgf@picminy=\dimen260
\pgf@picmaxy=\dimen261
\pgf@pathminx=\dimen262
\pgf@pathmaxx=\dimen263
\pgf@pathminy=\dimen264
\pgf@pathmaxy=\dimen265
\pgf@xx=\dimen266
\pgf@xy=\dimen267
\pgf@yx=\dimen268
\pgf@yy=\dimen269
\pgf@zx=\dimen270
\pgf@zy=\dimen271
) (c:/ProgramData/TinyTeX/texmf-dist/tex/generic/pgf/basiclayer/pgfcorepathconstruct.code.tex
File: pgfcorepathconstruct.code.tex 2025-08-29 v3.1.11a (3.1.11a)
\pgf@path@lastx=\dimen272
\pgf@path@lasty=\dimen273
) (c:/ProgramData/TinyTeX/texmf-dist/tex/generic/pgf/basiclayer/pgfcorepathusage.code.tex
File: pgfcorepathusage.code.tex 2025-08-29 v3.1.11a (3.1.11a)
\pgf@shorten@end@additional=\dimen274
\pgf@shorten@start@additional=\dimen275
) (c:/ProgramData/TinyTeX/texmf-dist/tex/generic/pgf/basiclayer/pgfcorescopes.code.tex
File: pgfcorescopes.code.tex 2025-08-29 v3.1.11a (3.1.11a)
\pgfpic=\box70
\pgf@hbox=\box71
\pgf@layerbox@main=\box72
\pgf@picture@serial@count=\count339
) (c:/ProgramData/TinyTeX/texmf-dist/tex/generic/pgf/basiclayer/pgfcoregraphicstate.code.tex
File: pgfcoregraphicstate.code.tex 2025-08-29 v3.1.11a (3.1.11a)
\pgflinewidth=\dimen276
) (c:/ProgramData/TinyTeX/texmf-dist/tex/generic/pgf/basiclayer/pgfcoretransformations.code.tex
File: pgfcoretransformations.code.tex 2025-08-29 v3.1.11a (3.1.11a)
\pgf@pt@x=\dimen277
\pgf@pt@y=\dimen278
\pgf@pt@temp=\dimen279
) (c:/ProgramData/TinyTeX/texmf-dist/tex/generic/pgf/basiclayer/pgfcorequick.code.tex
File: pgfcorequick.code.tex 2025-08-29 v3.1.11a (3.1.11a)
) (c:/ProgramData/TinyTeX/texmf-dist/tex/generic/pgf/basiclayer/pgfcoreobjects.code.tex
File: pgfcoreobjects.code.tex 2025-08-29 v3.1.11a (3.1.11a)
) (c:/ProgramData/TinyTeX/texmf-dist/tex/generic/pgf/basiclayer/pgfcorepathprocessing.code.tex
File: pgfcorepathprocessing.code.tex 2025-08-29 v3.1.11a (3.1.11a)
) (c:/ProgramData/TinyTeX/texmf-dist/tex/generic/pgf/basiclayer/pgfcorearrows.code.tex
File: pgfcorearrows.code.tex 2025-08-29 v3.1.11a (3.1.11a)
\pgfarrowsep=\dimen280
) (c:/ProgramData/TinyTeX/texmf-dist/tex/generic/pgf/basiclayer/pgfcoreshade.code.tex
File: pgfcoreshade.code.tex 2025-08-29 v3.1.11a (3.1.11a)
\pgf@max=\dimen281
\pgf@sys@shading@range@num=\count340
\pgf@shadingcount=\count341
) (c:/ProgramData/TinyTeX/texmf-dist/tex/generic/pgf/basiclayer/pgfcoreimage.code.tex
File: pgfcoreimage.code.tex 2025-08-29 v3.1.11a (3.1.11a)
) (c:/ProgramData/TinyTeX/texmf-dist/tex/generic/pgf/basiclayer/pgfcoreexternal.code.tex
File: pgfcoreexternal.code.tex 2025-08-29 v3.1.11a (3.1.11a)
\pgfexternal@startupbox=\box73
) (c:/ProgramData/TinyTeX/texmf-dist/tex/generic/pgf/basiclayer/pgfcorelayers.code.tex
File: pgfcorelayers.code.tex 2025-08-29 v3.1.11a (3.1.11a)
) (c:/ProgramData/TinyTeX/texmf-dist/tex/generic/pgf/basiclayer/pgfcoretransparency.code.tex
File: pgfcoretransparency.code.tex 2025-08-29 v3.1.11a (3.1.11a)
) (c:/ProgramData/TinyTeX/texmf-dist/tex/generic/pgf/basiclayer/pgfcorepatterns.code.tex
File: pgfcorepatterns.code.tex 2025-08-29 v3.1.11a (3.1.11a)
) (c:/ProgramData/TinyTeX/texmf-dist/tex/generic/pgf/basiclayer/pgfcorerdf.code.tex
File: pgfcorerdf.code.tex 2025-08-29 v3.1.11a (3.1.11a)
))) (c:/ProgramData/TinyTeX/texmf-dist/tex/generic/pgf/modules/pgfmoduleshapes.code.tex
File: pgfmoduleshapes.code.tex 2025-08-29 v3.1.11a (3.1.11a)
\pgfnodeparttextbox=\box74
) (c:/ProgramData/TinyTeX/texmf-dist/tex/generic/pgf/modules/pgfmoduleplot.code.tex
File: pgfmoduleplot.code.tex 2025-08-29 v3.1.11a (3.1.11a)
) (c:/ProgramData/TinyTeX/texmf-dist/tex/latex/pgf/compatibility/pgfcomp-version-0-65.sty
Package: pgfcomp-version-0-65 2025-08-29 v3.1.11a (3.1.11a)
\pgf@nodesepstart=\dimen282
\pgf@nodesepend=\dimen283
) (c:/ProgramData/TinyTeX/texmf-dist/tex/latex/pgf/compatibility/pgfcomp-version-1-18.sty
Package: pgfcomp-version-1-18 2025-08-29 v3.1.11a (3.1.11a)
)) (c:/ProgramData/TinyTeX/texmf-dist/tex/latex/pgf/utilities/pgffor.sty (c:/ProgramData/TinyTeX/texmf-dist/tex/latex/pgf/utilities/pgfkeys.sty (c:/ProgramData/TinyTeX/texmf-dist/tex/generic/pgf/utilities/pgfkeys.code.tex)) (c:/ProgramData/TinyTeX/texmf-dist/tex/latex/pgf/math/pgfmath.sty (c:/ProgramData/TinyTeX/texmf-dist/tex/generic/pgf/math/pgfmath.code.tex)) (c:/ProgramData/TinyTeX/texmf-dist/tex/generic/pgf/utilities/pgffor.code.tex
Package: pgffor 2025-08-29 v3.1.11a (3.1.11a)
\pgffor@iter=\dimen284
\pgffor@skip=\dimen285
\pgffor@stack=\toks37
\pgffor@toks=\toks38
)) (c:/ProgramData/TinyTeX/texmf-dist/tex/generic/pgf/frontendlayer/tikz/tikz.code.tex
Package: tikz 2025-08-29 v3.1.11a (3.1.11a)
(c:/ProgramData/TinyTeX/texmf-dist/tex/generic/pgf/libraries/pgflibraryplothandlers.code.tex
File: pgflibraryplothandlers.code.tex 2025-08-29 v3.1.11a (3.1.11a)
\pgf@plot@mark@count=\count342
\pgfplotmarksize=\dimen286
)
\tikz@lastx=\dimen287
\tikz@lasty=\dimen288
\tikz@lastxsaved=\dimen289
\tikz@lastysaved=\dimen290
\tikz@lastmovetox=\dimen291
\tikz@lastmovetoy=\dimen292
\tikzleveldistance=\dimen293
\tikzsiblingdistance=\dimen294
\tikz@figbox=\box75
\tikz@figbox@bg=\box76
\tikz@tempbox=\box77
\tikz@tempbox@bg=\box78
\tikztreelevel=\count343
\tikznumberofchildren=\count344
\tikznumberofcurrentchild=\count345
\tikz@fig@count=\count346
(c:/ProgramData/TinyTeX/texmf-dist/tex/generic/pgf/modules/pgfmodulematrix.code.tex
File: pgfmodulematrix.code.tex 2025-08-29 v3.1.11a (3.1.11a)
\pgfmatrixcurrentrow=\count347
\pgfmatrixcurrentcolumn=\count348
\pgf@matrix@numberofcolumns=\count349
)
\tikz@expandcount=\count350
(c:/ProgramData/TinyTeX/texmf-dist/tex/generic/pgf/frontendlayer/tikz/libraries/tikzlibrarytopaths.code.tex
File: tikzlibrarytopaths.code.tex 2025-08-29 v3.1.11a (3.1.11a)
))) (c:/ProgramData/TinyTeX/texmf-dist/tex/latex/tools/verbatim.sty
Package: verbatim 2024-01-22 v1.5x LaTeX2e package for verbatim enhancements
\every@verbatim=\toks39
\verbatim@line=\toks40
\verbatim@in@stream=\read5
) (c:/ProgramData/TinyTeX/texmf-dist/tex/latex/environ/environ.sty
Package: environ 2014/05/04 v0.3 A new way to define environments
(c:/ProgramData/TinyTeX/texmf-dist/tex/latex/trimspaces/trimspaces.sty
Package: trimspaces 2009/09/17 v1.1 Trim spaces around a token list
))
\tcb@titlebox=\box79
\tcb@upperbox=\box80
\tcb@lowerbox=\box81
\tcb@phantombox=\box82
\c@tcbbreakpart=\count351
\c@tcblayer=\count352
\c@tcolorbox@number=\count353
\l__tcobox_tmpa_box=\box83
\l__tcobox_tmpa_dim=\dimen295
\tcb@temp=\box84
\tcb@temp=\box85
\tcb@temp=\box86
\tcb@temp=\box87
(c:/ProgramData/TinyTeX/texmf-dist/tex/latex/tcolorbox/tcbskins.code.tex
Library (tcolorbox): 'tcbskins.code.tex' version '6.9.0'
(c:/ProgramData/TinyTeX/texmf-dist/tex/latex/tikzfill/tikzfill.image.sty
Package: tikzfill.image 2023/08/08 v1.0.1 Image filling library for TikZ
(c:/ProgramData/TinyTeX/texmf-dist/tex/latex/tikzfill/tikzfill-common.sty
Package: tikzfill-common 2023/08/08 v1.0.1 Auxiliary code for tikzfill
) (c:/ProgramData/TinyTeX/texmf-dist/tex/latex/tikzfill/tikzlibraryfill.image.code.tex
File: tikzlibraryfill.image.code.tex 2023/08/08 v1.0.1 Image filling library
\l__tikzfill_img_box=\box88
)) (c:/ProgramData/TinyTeX/texmf-dist/tex/latex/tcolorbox/tcbskinsjigsaw.code.tex
Library (tcolorbox): 'tcbskinsjigsaw.code.tex' version '6.9.0'
)) (c:/ProgramData/TinyTeX/texmf-dist/tex/latex/tcolorbox/tcbbreakable.code.tex
Library (tcolorbox): 'tcbbreakable.code.tex' version '6.9.0'
(c:/ProgramData/TinyTeX/texmf-dist/tex/latex/pdfcol/pdfcol.sty
Package: pdfcol 2022-09-21 v1.7 Handle new color stacks for pdfTeX (HO)
(c:/ProgramData/TinyTeX/texmf-dist/tex/generic/ltxcmds/ltxcmds.sty
Package: ltxcmds 2023-12-04 v1.26 LaTeX kernel commands for general use (HO)
) (c:/ProgramData/TinyTeX/texmf-dist/tex/generic/infwarerr/infwarerr.sty
Package: infwarerr 2019/12/03 v1.5 Providing info/warning/error messages (HO)
))
Package pdfcol Info: New color stack `tcb@breakable' = 1 on input line 23.
\tcb@testbox=\box89
\tcb@totalupperbox=\box90
\tcb@totallowerbox=\box91
(c:/ProgramData/TinyTeX/texmf-dist/tex/generic/iftex/ifluatex.sty
Package: ifluatex 2019/10/25 v1.5 ifluatex legacy package. Use iftex instead.
))) (c:/ProgramData/TinyTeX/texmf-dist/tex/latex/fontawesome5/fontawesome5.sty
Package: fontawesome5 2022/05/02 v5.15.4 Font Awesome 5
(c:/ProgramData/TinyTeX/texmf-dist/tex/latex/fontawesome5/fontawesome5-utex-helper.sty
Package: fontawesome5-utex-helper 2022/05/02 v5.15.4 uTeX helper for fontawesome5
LaTeX Font Info:    Trying to load font information for TU+fontawesomefree on input line 69.
(c:/ProgramData/TinyTeX/texmf-dist/tex/latex/fontawesome5/tufontawesomefree.fd)
LaTeX Font Info:    Trying to load font information for TU+fontawesomebrands on input line 70.
(c:/ProgramData/TinyTeX/texmf-dist/tex/latex/fontawesome5/tufontawesomebrands.fd))) (c:/ProgramData/TinyTeX/texmf-dist/tex/latex/bookmark/bookmark.sty
Package: bookmark 2023-12-10 v1.31 PDF bookmarks (HO)
(c:/ProgramData/TinyTeX/texmf-dist/tex/latex/hyperref/hyperref.sty
Package: hyperref 2026-01-29 v7.01p Hypertext links for LaTeX
(c:/ProgramData/TinyTeX/texmf-dist/tex/latex/kvsetkeys/kvsetkeys.sty
Package: kvsetkeys 2022-10-05 v1.19 Key value parser (HO)
) (c:/ProgramData/TinyTeX/texmf-dist/tex/generic/kvdefinekeys/kvdefinekeys.sty
Package: kvdefinekeys 2019-12-19 v1.6 Define keys (HO)
) (c:/ProgramData/TinyTeX/texmf-dist/tex/generic/pdfescape/pdfescape.sty
Package: pdfescape 2019/12/09 v1.15 Implements pdfTeX's escape features (HO)
(c:/ProgramData/TinyTeX/texmf-dist/tex/generic/pdftexcmds/pdftexcmds.sty
Package: pdftexcmds 2020-06-27 v0.33 Utility functions of pdfTeX for LuaTeX (HO)
Package pdftexcmds Info: \pdf@primitive is available.
Package pdftexcmds Info: \pdf@ifprimitive is available.
Package pdftexcmds Info: \pdfdraftmode found.
\pdftexcmds@toks=\toks41
)) (c:/ProgramData/TinyTeX/texmf-dist/tex/latex/hycolor/hycolor.sty
Package: hycolor 2020-01-27 v1.10 Color options for hyperref/bookmark (HO)
) (c:/ProgramData/TinyTeX/texmf-dist/tex/latex/hyperref/nameref.sty
Package: nameref 2026-01-29 v2.58 Cross-referencing by name of section
(c:/ProgramData/TinyTeX/texmf-dist/tex/latex/refcount/refcount.sty
Package: refcount 2019/12/15 v3.6 Data extraction from label references (HO)
) (c:/ProgramData/TinyTeX/texmf-dist/tex/generic/gettitlestring/gettitlestring.sty
Package: gettitlestring 2019/12/15 v1.6 Cleanup title references (HO)
(c:/ProgramData/TinyTeX/texmf-dist/tex/latex/kvoptions/kvoptions.sty
Package: kvoptions 2022-06-15 v3.15 Key value format for package options (HO)
))
\c@section@level=\count354
) (c:/ProgramData/TinyTeX/texmf-dist/tex/generic/stringenc/stringenc.sty
Package: stringenc 2019/11/29 v1.12 Convert strings between diff. encodings (HO)
)
\@linkdim=\dimen296
\Hy@linkcounter=\count355
\Hy@pagecounter=\count356
(c:/ProgramData/TinyTeX/texmf-dist/tex/latex/hyperref/pd1enc.def
File: pd1enc.def 2026-01-29 v7.01p Hyperref: PDFDocEncoding definition (HO)
) (c:/ProgramData/TinyTeX/texmf-dist/tex/generic/intcalc/intcalc.sty
Package: intcalc 2019/12/15 v1.3 Expandable calculations with integers (HO)
)
\Hy@SavedSpaceFactor=\count357
(c:/ProgramData/TinyTeX/texmf-dist/tex/latex/hyperref/puenc.def
File: puenc.def 2026-01-29 v7.01p Hyperref: PDF Unicode definition (HO)
)
Package hyperref Info: Option `unicode' set `true' on input line 4072.
Package hyperref Info: Hyper figures OFF on input line 4201.
Package hyperref Info: Link nesting OFF on input line 4206.
Package hyperref Info: Hyper index ON on input line 4209.
Package hyperref Info: Plain pages OFF on input line 4216.
Package hyperref Info: Backreferencing OFF on input line 4221.
Package hyperref Info: Implicit mode ON; LaTeX internals redefined.
Package hyperref Info: Bookmarks ON on input line 4468.
\c@Hy@tempcnt=\count358
(c:/ProgramData/TinyTeX/texmf-dist/tex/latex/url/url.sty
\Urlmuskip=\muskip19
Package: url 2013/09/16  ver 3.4  Verb mode for urls, etc.
)
LaTeX Info: Redefining \url on input line 4807.
\XeTeXLinkMargin=\dimen297
(c:/ProgramData/TinyTeX/texmf-dist/tex/generic/bitset/bitset.sty
Package: bitset 2019/12/09 v1.3 Handle bit-vector datatype (HO)
(c:/ProgramData/TinyTeX/texmf-dist/tex/generic/bigintcalc/bigintcalc.sty
Package: bigintcalc 2019/12/15 v1.5 Expandable calculations on big integers (HO)
))
\Fld@menulength=\count359
\Field@Width=\dimen298
\Fld@charsize=\dimen299
Package hyperref Info: Hyper figures OFF on input line 6084.
Package hyperref Info: Link nesting OFF on input line 6089.
Package hyperref Info: Hyper index ON on input line 6092.
Package hyperref Info: backreferencing OFF on input line 6099.
Package hyperref Info: Link coloring OFF on input line 6104.
Package hyperref Info: Link coloring with OCG OFF on input line 6109.
Package hyperref Info: PDF/A mode OFF on input line 6114.
\Hy@abspage=\count360
\c@Item=\count361
\c@Hfootnote=\count362
)
Package hyperref Info: Driver (autodetected): hluatex.
(c:/ProgramData/TinyTeX/texmf-dist/tex/latex/hyperref/hluatex.def
File: hluatex.def 2026-01-29 v7.01p Hyperref driver for luaTeX
\Fld@listcount=\count363
\c@bookmark@seq@number=\count364
(c:/ProgramData/TinyTeX/texmf-dist/tex/latex/rerunfilecheck/rerunfilecheck.sty
Package: rerunfilecheck 2025-06-21 v1.11 Rerun checks for auxiliary files (HO)
(c:/ProgramData/TinyTeX/texmf-dist/tex/generic/uniquecounter/uniquecounter.sty
Package: uniquecounter 2019/12/15 v1.4 Provide unlimited unique counter (HO)
)
Package uniquecounter Info: New unique counter `rerunfilecheck' on input line 284.
)
\Hy@SectionHShift=\skip82
) (c:/ProgramData/TinyTeX/texmf-dist/tex/latex/bookmark/bkm-pdftex.def
File: bkm-pdftex.def 2023-12-10 v1.31 bookmark driver for pdfTeX and luaTeX (HO)
\BKM@id=\count365
)) (c:/ProgramData/TinyTeX/texmf-dist/tex/latex/caption/caption.sty
Package: caption 2023/08/05 v3.6o Customizing captions (AR)

Package tocbasic Info: Loading of class-dependent code for package caption3
(tocbasic)             prevented on line 50.

(c:/ProgramData/TinyTeX/texmf-dist/tex/latex/caption/caption3.sty
Package: caption3 2023/07/31 v2.4d caption3 kernel (AR)
\caption@tempdima=\dimen300
\captionmargin=\dimen301
\caption@leftmargin=\dimen302
\caption@rightmargin=\dimen303
\caption@width=\dimen304
\caption@indent=\dimen305
\caption@parindent=\dimen306
\caption@hangindent=\dimen307
)
\c@caption@flags=\count366
\c@continuedfloat=\count367
Package caption Info: hyperref package is loaded.
Package caption Info: longtable package is loaded.
(c:/ProgramData/TinyTeX/texmf-dist/tex/latex/caption/ltcaption.sty
Package: ltcaption 2021/01/08 v1.4c longtable captions (AR)
)) (c:/ProgramData/TinyTeX/texmf-dist/tex/latex/float/float.sty
Package: float 2001/11/08 v1.3d Float enhancements (AL)
\c@float@type=\count368
\float@exts=\toks42
\float@box=\box92
\@float@everytoks=\toks43
\@floatcapt=\box93
)
\@float@every@codelisting=\toks44
\c@codelisting=\count369
(c:/ProgramData/TinyTeX/texmf-dist/tex/latex/amscls/amsthm.sty
Package: amsthm 2020/05/29 v2.20.6
\thm@style=\toks45
\thm@bodyfont=\toks46
\thm@headfont=\toks47
\thm@notefont=\toks48
\thm@headpunct=\toks49
\thm@preskip=\skip83
\thm@postskip=\skip84
\thm@headsep=\skip85
\dth@everypar=\toks50
) (c:/ProgramData/TinyTeX/texmf-dist/tex/latex/xpatch/xpatch.sty
Package: xpatch 2020/03/25 v0.3a Extending etoolbox patching commands
)
Class scrreprt Info: amsthm's \deferred@thm@head patched.
\c@example=\count370
\c@theorem=\count371
\c@definition=\count372
\c@exercise=\count373
\c@proposition=\count374
\c@refremark=\count375
\c@refsolution=\count376
(c:/ProgramData/TinyTeX/texmf-dist/tex/latex/caption/subcaption.sty
Package: subcaption 2023/07/28 v1.6b Sub-captions (AR)
Package caption Info: New subtype `subfigure' on input line 238.
\c@subfigure=\count377
Package caption Info: New subtype `subtable' on input line 238.
\c@subtable=\count378
)
Package hyperref Info: Option `colorlinks' set `true' on input line 281.
No file index.aux.

\openout1 = index.aux
LaTeX Font Info:    Checking defaults for OML/cmm/m/it on input line 286.
LaTeX Font Info:    ... okay on input line 286.
LaTeX Font Info:    Checking defaults for OMS/cmsy/m/n on input line 286.
LaTeX Font Info:    ... okay on input line 286.
LaTeX Font Info:    Checking defaults for OT1/cmr/m/n on input line 286.
LaTeX Font Info:    ... okay on input line 286.
LaTeX Font Info:    Checking defaults for T1/cmr/m/n on input line 286.
LaTeX Font Info:    ... okay on input line 286.
LaTeX Font Info:    Checking defaults for TS1/cmr/m/n on input line 286.
LaTeX Font Info:    ... okay on input line 286.
LaTeX Font Info:    Checking defaults for TU/lmr/m/n on input line 286.
LaTeX Font Info:    ... okay on input line 286.
LaTeX Font Info:    Checking defaults for OMX/cmex/m/n on input line 286.
LaTeX Font Info:    ... okay on input line 286.
LaTeX Font Info:    Checking defaults for U/cmr/m/n on input line 286.
LaTeX Font Info:    ... okay on input line 286.
LaTeX Font Info:    Checking defaults for PD1/pdf/m/n on input line 286.
LaTeX Font Info:    ... okay on input line 286.
LaTeX Font Info:    Checking defaults for PU/pdf/m/n on input line 286.
LaTeX Font Info:    ... okay on input line 286.
(c:/ProgramData/TinyTeX/texmf-dist/tex/latex/epstopdf-pkg/epstopdf-base.sty
Package: epstopdf-base 2020-01-24 v2.11 Base part for package epstopdf
Package epstopdf-base Info: Redefining graphics rule for `.eps' on input line 485.
(c:/ProgramData/TinyTeX/texmf-dist/tex/latex/latexconfig/epstopdf-sys.cfg
File: epstopdf-sys.cfg 2010/07/13 v1.3 Configuration of (r)epstopdf for TeX Live
))
LaTeX Font Info:    Overwriting math alphabet `\mathrm' in version `normal'
(Font)                  OT1/lmr/m/n --> TU/lmr/m/n on input line 286.
LaTeX Font Info:    Overwriting math alphabet `\mathit' in version `normal'
(Font)                  OT1/lmr/m/it --> TU/lmr/m/it on input line 286.
LaTeX Font Info:    Overwriting math alphabet `\mathbf' in version `normal'
(Font)                  OT1/lmr/bx/n --> TU/lmr/bx/n on input line 286.
LaTeX Font Info:    Overwriting math alphabet `\mathsf' in version `normal'
(Font)                  OT1/lmss/m/n --> TU/lmss/m/n on input line 286.
LaTeX Font Info:    Overwriting math alphabet `\mathsf' in version `bold'
(Font)                  OT1/lmss/bx/n --> TU/lmss/bx/n on input line 286.
LaTeX Font Info:    Overwriting math alphabet `\mathtt' in version `normal'
(Font)                  OT1/lmtt/m/n --> TU/lmtt/m/n on input line 286.
LaTeX Font Info:    Overwriting math alphabet `\mathtt' in version `bold'
(Font)                  OT1/lmtt/m/n --> TU/lmtt/bx/n on input line 286.

Package fontspec Info: 
(fontspec)             latinmodern-math scale = 0.9999967668407183.


Package fontspec Info: 
(fontspec)             latinmodern-math scale = 0.9999967668407183.


Package fontspec Info: 
(fontspec)             latinmodern-math scale = 0.9999967668407183.


Package fontspec Info: 
(fontspec)             Font family 'latinmodern-math.otf(0)' created for font
(fontspec)             'latinmodern-math.otf' with options
(fontspec)             [Scale=MatchLowercase,Renderer=Basic,BoldItalicFont={},ItalicFont={},SmallCapsFont={},Script=Math,RawFeature={mathfontdimen=xetex},BoldFont={latinmodern-math.otf}].
(fontspec)              
(fontspec)              This font family consists of the following NFSS
(fontspec)             series/shapes:
(fontspec)              
(fontspec)             - 'normal' (m/n) with NFSS spec.:
(fontspec)             <->s*[0.9999967668407183]"[latinmodern-math.otf]:mode=base;script=math;language=dflt;mathfontdimen=xetex;"
(fontspec)             - 'bold' (b/n) with NFSS spec.:
(fontspec)             <->s*[0.9999967668407183]"[latinmodern-math.otf]:mode=base;script=math;language=dflt;mathfontdimen=xetex;"

LaTeX Font Info:    Font shape `TU/latinmodern-math.otf(0)/m/n' will be
(Font)              scaled to size 10.95pt on input line 286.

Package fontspec Info: 
(fontspec)             latinmodern-math scale = 0.9999967668407183.


Package fontspec Info: 
(fontspec)             latinmodern-math scale = 0.9999967668407183.


Package fontspec Info: 
(fontspec)             latinmodern-math scale = 0.9999967668407183.


Package fontspec Info: 
(fontspec)             latinmodern-math scale = 0.9999967668407183.


Package fontspec Info: 
(fontspec)             latinmodern-math scale = 0.9999967668407183.


Package fontspec Info: 
(fontspec)             Font family 'latinmodern-math.otf(1)' created for font
(fontspec)             'latinmodern-math.otf' with options
(fontspec)             [Scale=MatchLowercase,Renderer=Basic,BoldItalicFont={},ItalicFont={},SmallCapsFont={},Script=Math,SizeFeatures={{Size=9.3075-},{Size=6.57-9.3075,Font=latinmodern-math.otf,Style=MathScript},{Size=-6.57,Font=latinmodern-math.otf,Style=MathScriptScript}},RawFeature={mathfontdimen=xetex},BoldFont={latinmodern-math.otf}].
(fontspec)              
(fontspec)              This font family consists of the following NFSS
(fontspec)             series/shapes:
(fontspec)              
(fontspec)             - 'normal' (m/n) with NFSS spec.:
(fontspec)             <9.3075->s*[0.9999967668407183]"[latinmodern-math.otf]:mode=base;script=math;language=dflt;mathfontdimen=xetex;"<6.57-9.3075>s*[0.9999967668407183]"[latinmodern-math.otf]:mode=base;script=math;language=dflt;mathfontdimen=xetex;+ssty=0;"<-6.57>s*[0.9999967668407183]"[latinmodern-math.otf]:mode=base;script=math;language=dflt;mathfontdimen=xetex;+ssty=1;"
(fontspec)             - 'bold' (b/n) with NFSS spec.:
(fontspec)             <->s*[0.9999967668407183]"[latinmodern-math.otf]:mode=base;script=math;language=dflt;mathfontdimen=xetex;"

LaTeX Font Info:    Font shape `TU/latinmodern-math.otf(1)/m/n' will be
(Font)              scaled to size 10.95pt on input line 286.
LaTeX Font Info:    Encoding `OT1' has changed to `TU' for symbol font
(Font)              `operators' in the math version `normal' on input line 286.
LaTeX Font Info:    Overwriting symbol font `operators' in version `normal'
(Font)                  OT1/lmr/m/n --> TU/latinmodern-math.otf(1)/m/n on input line 286.
LaTeX Font Info:    Encoding `OT1' has changed to `TU' for symbol font
(Font)              `operators' in the math version `bold' on input line 286.
LaTeX Font Info:    Overwriting symbol font `operators' in version `bold'
(Font)                  OT1/lmr/bx/n --> TU/latinmodern-math.otf(1)/b/n on input line 286.

Package fontspec Info: 
(fontspec)             latinmodern-math scale = 0.9999967668407183.


Package fontspec Info: 
(fontspec)             latinmodern-math scale = 0.9999967668407183.


Package fontspec Info: 
(fontspec)             latinmodern-math scale = 0.9999967668407183.


Package fontspec Info: 
(fontspec)             latinmodern-math scale = 0.9999967668407183.


Package fontspec Info: 
(fontspec)             latinmodern-math scale = 0.9999967668407183.


Package fontspec Info: 
(fontspec)             Font family 'latinmodern-math.otf(2)' created for font
(fontspec)             'latinmodern-math.otf' with options
(fontspec)             [Scale=MatchLowercase,Renderer=Basic,BoldItalicFont={},ItalicFont={},SmallCapsFont={},Script=Math,SizeFeatures={{Size=9.3075-},{Size=6.57-9.3075,Font=latinmodern-math.otf,Style=MathScript},{Size=-6.57,Font=latinmodern-math.otf,Style=MathScriptScript}},RawFeature={mathfontdimen=xetex},BoldFont={latinmodern-math.otf},RawFeature={mathfontdimen=tex2}].
(fontspec)              
(fontspec)              This font family consists of the following NFSS
(fontspec)             series/shapes:
(fontspec)              
(fontspec)             - 'normal' (m/n) with NFSS spec.:
(fontspec)             <9.3075->s*[0.9999967668407183]"[latinmodern-math.otf]:mode=base;script=math;language=dflt;mathfontdimen=xetex;mathfontdimen=tex2;"<6.57-9.3075>s*[0.9999967668407183]"[latinmodern-math.otf]:mode=base;script=math;language=dflt;mathfontdimen=xetex;mathfontdimen=tex2;+ssty=0;"<-6.57>s*[0.9999967668407183]"[latinmodern-math.otf]:mode=base;script=math;language=dflt;mathfontdimen=xetex;mathfontdimen=tex2;+ssty=1;"
(fontspec)             - 'bold' (b/n) with NFSS spec.:
(fontspec)             <->s*[0.9999967668407183]"[latinmodern-math.otf]:mode=base;script=math;language=dflt;mathfontdimen=xetex;mathfontdimen=tex2;"

LaTeX Font Info:    Encoding `OMS' has changed to `TU' for symbol font
(Font)              `symbols' in the math version `normal' on input line 286.
LaTeX Font Info:    Overwriting symbol font `symbols' in version `normal'
(Font)                  OMS/lmsy/m/n --> TU/latinmodern-math.otf(2)/m/n on input line 286.
LaTeX Font Info:    Encoding `OMS' has changed to `TU' for symbol font
(Font)              `symbols' in the math version `bold' on input line 286.
LaTeX Font Info:    Overwriting symbol font `symbols' in version `bold'
(Font)                  OMS/lmsy/b/n --> TU/latinmodern-math.otf(2)/b/n on input line 286.

Package fontspec Info: 
(fontspec)             latinmodern-math scale = 0.9999967668407183.


Package fontspec Info: 
(fontspec)             latinmodern-math scale = 0.9999967668407183.


Package fontspec Info: 
(fontspec)             latinmodern-math scale = 0.9999967668407183.


Package fontspec Info: 
(fontspec)             latinmodern-math scale = 0.9999967668407183.


Package fontspec Info: 
(fontspec)             latinmodern-math scale = 0.9999967668407183.


Package fontspec Info: 
(fontspec)             Font family 'latinmodern-math.otf(3)' created for font
(fontspec)             'latinmodern-math.otf' with options
(fontspec)             [Scale=MatchLowercase,Renderer=Basic,BoldItalicFont={},ItalicFont={},SmallCapsFont={},Script=Math,SizeFeatures={{Size=9.3075-},{Size=6.57-9.3075,Font=latinmodern-math.otf,Style=MathScript},{Size=-6.57,Font=latinmodern-math.otf,Style=MathScriptScript}},RawFeature={mathfontdimen=xetex},BoldFont={latinmodern-math.otf},RawFeature={mathfontdimen=tex3}].
(fontspec)              
(fontspec)              This font family consists of the following NFSS
(fontspec)             series/shapes:
(fontspec)              
(fontspec)             - 'normal' (m/n) with NFSS spec.:
(fontspec)             <9.3075->s*[0.9999967668407183]"[latinmodern-math.otf]:mode=base;script=math;language=dflt;mathfontdimen=xetex;mathfontdimen=tex3;"<6.57-9.3075>s*[0.9999967668407183]"[latinmodern-math.otf]:mode=base;script=math;language=dflt;mathfontdimen=xetex;mathfontdimen=tex3;+ssty=0;"<-6.57>s*[0.9999967668407183]"[latinmodern-math.otf]:mode=base;script=math;language=dflt;mathfontdimen=xetex;mathfontdimen=tex3;+ssty=1;"
(fontspec)             - 'bold' (b/n) with NFSS spec.:
(fontspec)             <->s*[0.9999967668407183]"[latinmodern-math.otf]:mode=base;script=math;language=dflt;mathfontdimen=xetex;mathfontdimen=tex3;"

LaTeX Font Info:    Encoding `OMX' has changed to `TU' for symbol font
(Font)              `largesymbols' in the math version `normal' on input line 286.
LaTeX Font Info:    Overwriting symbol font `largesymbols' in version `normal'
(Font)                  OMX/lmex/m/n --> TU/latinmodern-math.otf(3)/m/n on input line 286.
LaTeX Font Info:    Encoding `OMX' has changed to `TU' for symbol font
(Font)              `largesymbols' in the math version `bold' on input line 286.
LaTeX Font Info:    Overwriting symbol font `largesymbols' in version `bold'
(Font)                  OMX/lmex/m/n --> TU/latinmodern-math.otf(3)/b/n on input line 286.
LaTeX Font Info:    Font shape `TU/latinmodern-math.otf(1)/m/n' will be
(Font)              scaled to size 7.665pt on input line 286.
LaTeX Font Info:    Font shape `TU/latinmodern-math.otf(1)/m/n' will be
(Font)              scaled to size 5.475pt on input line 286.
LaTeX Font Info:    Trying to load font information for OML+lmm on input line 286.
(c:/ProgramData/TinyTeX/texmf-dist/tex/latex/lm/omllmm.fd
File: omllmm.fd 2015/05/01 v1.6.1 Font defs for Latin Modern
)
LaTeX Font Info:    Font shape `TU/latinmodern-math.otf(2)/m/n' will be
(Font)              scaled to size 10.95pt on input line 286.
LaTeX Font Info:    Font shape `TU/latinmodern-math.otf(2)/m/n' will be
(Font)              scaled to size 7.665pt on input line 286.
LaTeX Font Info:    Font shape `TU/latinmodern-math.otf(2)/m/n' will be
(Font)              scaled to size 5.475pt on input line 286.
LaTeX Font Info:    Font shape `TU/latinmodern-math.otf(3)/m/n' will be
(Font)              scaled to size 10.95pt on input line 286.
LaTeX Font Info:    Font shape `TU/latinmodern-math.otf(3)/m/n' will be
(Font)              scaled to size 7.665pt on input line 286.
LaTeX Font Info:    Font shape `TU/latinmodern-math.otf(3)/m/n' will be
(Font)              scaled to size 5.475pt on input line 286.
LaTeX Font Info:    Trying to load font information for U+msa on input line 286.
(c:/ProgramData/TinyTeX/texmf-dist/tex/latex/amsfonts/umsa.fd
File: umsa.fd 2013/01/14 v3.01 AMS symbols A
)
LaTeX Font Info:    Trying to load font information for U+msb on input line 286.
(c:/ProgramData/TinyTeX/texmf-dist/tex/latex/amsfonts/umsb.fd
File: umsb.fd 2013/01/14 v3.01 AMS symbols B
)
LaTeX Info: Redefining \microtypecontext on input line 286.
Package microtype Info: Applying patch `item' on input line 286.
Package microtype Info: Applying patch `toc' on input line 286.
Package microtype Info: Applying patch `eqnum' on input line 286.
Package microtype Info: Applying patch `footnote' on input line 286.
Package microtype Info: Applying patch `verbatim' on input line 286.
LaTeX Info: Redefining \microtypesetup on input line 286.
Package microtype Info: Generating PDF output.
Package microtype Info: Character protrusion enabled (level 2).
Package microtype Info: Using protrusion set `basicmath'.
Package microtype Info: Automatic font expansion enabled (level 2),
(microtype)             stretch: 20, shrink: 20, step: 1, non-selected.
Package microtype Info: Using default expansion set `alltext-nott'.
Package microtype Info: Patching command `\showhyphens'.
Package microtype Info: No adjustment of tracking.
Package microtype Info: No adjustment of spacing.
Package microtype Info: No adjustment of kerning.
(c:/ProgramData/TinyTeX/texmf-dist/tex/latex/microtype/mt-LatinModernRoman.cfg
File: mt-LatinModernRoman.cfg 2021/02/21 v1.1 microtype config. file: Latin Modern Roman (RS)
)
Removing  `Babel.pre_otfload_h' from `hpack_filter'.
Removing  `luaotfload.node_processor' from `hpack_filter'.
Removing  `luaotfload.harf.finalize_hlist' from `hpack_filter'.
Inserting `Babel.math_box_dir' in `hpack_filter'.
Inserting `Babel.pre_otfload_h' in `hpack_filter'.
Inserting `luaotfload.node_processor' in `hpack_filter'.
Inserting `luaotfload.harf.finalize_hlist' in `hpack_filter'.
Inserting `Babel.unset_atdir' in `pre_linebreak_filter'.
Inserting `Babel.unset_atdir' in `hpack_filter'.
Package hyperref Info: Link coloring ON on input line 286.
Package caption Info: Begin \AtBeginDocument code.
Package caption Info: float package is loaded.
Package caption Info: End \AtBeginDocument code.
\g__cctab_next_cctab=\catcodetable19
<images/capa.png, id=7, 2489.3pt x 3521.155pt>
File: images/capa.png Graphic file (type png)
<use images/capa.png>
Package luatex.def Info: images/capa.png  used on input line 306.
(luatex.def)             Requested size: 614.295pt x 868.89618pt.
[1



<./images/capa.png>]
Package microtype Info: Loading generic protrusion settings for font family
(microtype)             `lmss' (encoding: TU).
(microtype)             For optimal results, create family-specific settings.
(microtype)             See the microtype manual for details.
Package tocbasic Info: character protrusion at toc deactivated on input line 319.
No file index.toc.
\tf@toc=\write5

\openout5 = index.toc
[1


{c:/ProgramData/TinyTeX/texmf-var/fonts/map/pdftex/updmap/pdftex.map}] [2

] [3

] [4

] [5] [6] [7]
part I.
Package scrkbase Info: You've told me to use the font selection of the element
(scrkbase)             `partprefix' that is an alias of element `partnumber'
(scrkbase)              on input line 656.
[8

]
chapter 1.
LaTeX Font Info:    Font shape `TU/latinmodern-math.otf(1)/b/n' will be
(Font)              scaled to size 10.95pt on input line 701.
LaTeX Font Info:    Font shape `TU/latinmodern-math.otf(1)/b/n' will be
(Font)              scaled to size 7.665pt on input line 701.
LaTeX Font Info:    Font shape `TU/latinmodern-math.otf(1)/b/n' will be
(Font)              scaled to size 5.475pt on input line 701.
LaTeX Font Info:    Font shape `TU/latinmodern-math.otf(2)/b/n' will be
(Font)              scaled to size 10.95pt on input line 701.
LaTeX Font Info:    Font shape `TU/latinmodern-math.otf(2)/b/n' will be
(Font)              scaled to size 7.665pt on input line 701.
LaTeX Font Info:    Font shape `TU/latinmodern-math.otf(2)/b/n' will be
(Font)              scaled to size 5.475pt on input line 701.
LaTeX Font Info:    Font shape `TU/latinmodern-math.otf(3)/b/n' will be
(Font)              scaled to size 10.95pt on input line 701.
LaTeX Font Info:    Font shape `TU/latinmodern-math.otf(3)/b/n' will be
(Font)              scaled to size 7.665pt on input line 701.
LaTeX Font Info:    Font shape `TU/latinmodern-math.otf(3)/b/n' will be
(Font)              scaled to size 5.475pt on input line 701.
(c:/ProgramData/TinyTeX/texmf-dist/tex/latex/microtype/mt-msa.cfg
File: mt-msa.cfg 2006/02/04 v1.1 microtype config. file: AMS symbols (a) (RS)
) (c:/ProgramData/TinyTeX/texmf-dist/tex/latex/microtype/mt-msb.cfg
File: mt-msb.cfg 2005/06/01 v1.0 microtype config. file: AMS symbols (b) (RS)
) [9

] [10] [11] [12]

LaTeX Warning: Reference `tbl-notacao-capitulo1' on page 13 undefined on input line 1091.

[13]
LaTeX Font Info:    Font shape `TU/latinmodern-math.otf(1)/m/n' will be
(Font)              scaled to size 14.4pt on input line 1145.
LaTeX Font Info:    Font shape `TU/latinmodern-math.otf(1)/m/n' will be
(Font)              scaled to size 10.0pt on input line 1145.
LaTeX Font Info:    Font shape `TU/latinmodern-math.otf(1)/m/n' will be
(Font)              scaled to size 7.0pt on input line 1145.
LaTeX Font Info:    Font shape `TU/latinmodern-math.otf(2)/m/n' will be
(Font)              scaled to size 14.4pt on input line 1145.
LaTeX Font Info:    Font shape `TU/latinmodern-math.otf(2)/m/n' will be
(Font)              scaled to size 10.0pt on input line 1145.
LaTeX Font Info:    Font shape `TU/latinmodern-math.otf(2)/m/n' will be
(Font)              scaled to size 7.0pt on input line 1145.
LaTeX Font Info:    Font shape `TU/latinmodern-math.otf(3)/m/n' will be
(Font)              scaled to size 14.4pt on input line 1145.
LaTeX Font Info:    Font shape `TU/latinmodern-math.otf(3)/m/n' will be
(Font)              scaled to size 10.0pt on input line 1145.
LaTeX Font Info:    Font shape `TU/latinmodern-math.otf(3)/m/n' will be
(Font)              scaled to size 7.0pt on input line 1145.
[14]

LaTeX Warning: Reference `fig-dimensoes-rp' on page 15 undefined on input line 1202.

<mod_1_vetores_files/figure-pdf/fig-dimensoes-rp-1.pdf, id=98, 650.43pt x 274.02374pt>
File: mod_1_vetores_files/figure-pdf/fig-dimensoes-rp-1.pdf Graphic file (type pdf)
<use mod_1_vetores_files/figure-pdf/fig-dimensoes-rp-1.pdf>
Package luatex.def Info: mod_1_vetores_files/figure-pdf/fig-dimensoes-rp-1.pdf  used on input line 1209.
(luatex.def)             Requested size: 650.4284pt x 274.02307pt.

LaTeX Warning: Reference `fig-vetor-observacao-r2' on page 15 undefined on input line 1247.

<mod_1_vetores_files/figure-pdf/fig-vetor-observacao-r2-1.pdf, id=99, 289.08pt x 289.08pt>
File: mod_1_vetores_files/figure-pdf/fig-vetor-observacao-r2-1.pdf Graphic file (type pdf)
<use mod_1_vetores_files/figure-pdf/fig-vetor-observacao-r2-1.pdf>
Package luatex.def Info: mod_1_vetores_files/figure-pdf/fig-vetor-observacao-r2-1.pdf  used on input line 1253.
(luatex.def)             Requested size: 289.07928pt x 289.07928pt.
[15<./mod_1_vetores_files/figure-pdf/fig-dimensoes-rp-1.pdf>] [16<./mod_1_vetores_files/figure-pdf/fig-vetor-observacao-r2-1.pdf>] [17] [18]

LaTeX Warning: Reference `tbl-espacos-observacoes-variaveis' on page 19 undefined on input line 1489.

[19] [20]

LaTeX Warning: Reference `fig-soma-vetores' on page 21 undefined on input line 1694.

<mod_1_vetores_files/figure-pdf/fig-soma-vetores-1.pdf, id=151, 469.755pt x 361.35pt>
File: mod_1_vetores_files/figure-pdf/fig-soma-vetores-1.pdf Graphic file (type pdf)
<use mod_1_vetores_files/figure-pdf/fig-soma-vetores-1.pdf>
Package luatex.def Info: mod_1_vetores_files/figure-pdf/fig-soma-vetores-1.pdf  used on input line 1701.
(luatex.def)             Requested size: 469.75386pt x 361.34912pt.
[21] [22<./mod_1_vetores_files/figure-pdf/fig-soma-vetores-1.pdf>] [23] [24] [25]

LaTeX Warning: Reference `fig-norma-vetor' on page 26 undefined on input line 2160.

[26]
<mod_1_vetores_files/figure-pdf/fig-norma-vetor-1.pdf, id=214, 433.62pt x 361.35pt>
File: mod_1_vetores_files/figure-pdf/fig-norma-vetor-1.pdf Graphic file (type pdf)
<use mod_1_vetores_files/figure-pdf/fig-norma-vetor-1.pdf>
Package luatex.def Info: mod_1_vetores_files/figure-pdf/fig-norma-vetor-1.pdf  used on input line 2168.
(luatex.def)             Requested size: 433.61894pt x 361.34912pt.
[27<./mod_1_vetores_files/figure-pdf/fig-norma-vetor-1.pdf>] [28] [29] [30]

LaTeX Warning: Reference `fig-produto-interno' on page 31 undefined on input line 2499.

<mod_1_vetores_files/figure-pdf/fig-produto-interno-1.pdf, id=245, 650.43pt x 274.02374pt>
File: mod_1_vetores_files/figure-pdf/fig-produto-interno-1.pdf Graphic file (type pdf)
<use mod_1_vetores_files/figure-pdf/fig-produto-interno-1.pdf>
Package luatex.def Info: mod_1_vetores_files/figure-pdf/fig-produto-interno-1.pdf  used on input line 2505.
(luatex.def)             Requested size: 650.4284pt x 274.02307pt.
[31<./mod_1_vetores_files/figure-pdf/fig-produto-interno-1.pdf>]
<mod_1_vetores_files/figure-pdf/fig-distancia-euclidiana-1.pdf, id=259, 433.62pt x 361.35pt>
File: mod_1_vetores_files/figure-pdf/fig-distancia-euclidiana-1.pdf Graphic file (type pdf)
<use mod_1_vetores_files/figure-pdf/fig-distancia-euclidiana-1.pdf>
Package luatex.def Info: mod_1_vetores_files/figure-pdf/fig-distancia-euclidiana-1.pdf  used on input line 2617.
(luatex.def)             Requested size: 433.61894pt x 361.34912pt.
[32] [33<./mod_1_vetores_files/figure-pdf/fig-distancia-euclidiana-1.pdf>] [34] [35] [36] [37] [38]
chapter 2.
[39

] [40] [41] [42] [43] [44] [45] [46] [47] (c:/ProgramData/TinyTeX/texmf-dist/tex/latex/microtype/mt-TU-empty.cfg
File: mt-TU-empty.cfg 2021/06/22 v1.1 microtype config. file: fonts with nonstandard glyph set (RS)
) [48] [49] [50] [51] [52] [53] [54] [55] [56] [57] [58] [59] [60] [61] [62] [63] [64] [65] [66] [67] [68] [69]

LaTeX Warning: Reference `fig-interpretacao-determinante' on page 70 undefined on input line 6179.

<mod_1_matrizes_files/figure-pdf/fig-interpretacao-determinante-1.pdf, id=566, 650.43pt x 303.1325pt>
File: mod_1_matrizes_files/figure-pdf/fig-interpretacao-determinante-1.pdf Graphic file (type pdf)
<use mod_1_matrizes_files/figure-pdf/fig-interpretacao-determinante-1.pdf>
Package luatex.def Info: mod_1_matrizes_files/figure-pdf/fig-interpretacao-determinante-1.pdf  used on input line 6186.
(luatex.def)             Requested size: 650.4284pt x 303.13176pt.
[70] [71<./mod_1_matrizes_files/figure-pdf/fig-interpretacao-determinante-1.pdf>] [72] [73] [74] [75]

LaTeX Warning: Reference `tbl-classificacao-sistemas' on page 76 undefined on input line 6601.

[76] [77] [78] [79] [80] [81] [82] [83] [84] [85] [86] [87] [88] [89] [90] [91] [92] [93] [94] [95] [96] [97] [98] [99] [100] [101] [102] [103] [104] [105]

LaTeX Warning: Reference `fig-formas-quadraticas' on page 106 undefined on input line 9508.

<mod_1_matrizes_files/figure-pdf/fig-formas-quadraticas-1.pdf, id=797, 650.43pt x 303.1325pt>
File: mod_1_matrizes_files/figure-pdf/fig-formas-quadraticas-1.pdf Graphic file (type pdf)
<use mod_1_matrizes_files/figure-pdf/fig-formas-quadraticas-1.pdf>
Package luatex.def Info: mod_1_matrizes_files/figure-pdf/fig-formas-quadraticas-1.pdf  used on input line 9515.
(luatex.def)             Requested size: 650.4284pt x 303.13176pt.
[106<./mod_1_matrizes_files/figure-pdf/fig-formas-quadraticas-1.pdf>] [107] [108] [109] [110] [111] [112] [113] [114] [115]

LaTeX Warning: Reference `exm-complemento-schur' on page 116 undefined on input line 10383.

[116] [117] [118] [119]
ignored error Infinite glue shrinkage found in box being split [120] [121] [122]
chapter 3.
[123

] [124] [125] [126]

LaTeX Warning: Reference `fig-subespaco' on page 127 undefined on input line 11286.

<mod_1_espacos_files/figure-pdf/fig-subespaco-1.pdf, id=940, 578.16pt x 289.08pt>
File: mod_1_espacos_files/figure-pdf/fig-subespaco-1.pdf Graphic file (type pdf)
<use mod_1_espacos_files/figure-pdf/fig-subespaco-1.pdf>
Package luatex.def Info: mod_1_espacos_files/figure-pdf/fig-subespaco-1.pdf  used on input line 11293.
(luatex.def)             Requested size: 578.15858pt x 289.07928pt.
[127<./mod_1_espacos_files/figure-pdf/fig-subespaco-1.pdf>] [128] [129] [130] [131]

LaTeX Warning: Reference `fig-independencia-linear' on page 132 undefined on input line 11823.

<mod_1_espacos_files/figure-pdf/fig-independencia-linear-1.pdf, id=986, 578.16pt x 289.08pt>
File: mod_1_espacos_files/figure-pdf/fig-independencia-linear-1.pdf Graphic file (type pdf)
<use mod_1_espacos_files/figure-pdf/fig-independencia-linear-1.pdf>
Package luatex.def Info: mod_1_espacos_files/figure-pdf/fig-independencia-linear-1.pdf  used on input line 11830.
(luatex.def)             Requested size: 578.15858pt x 289.07928pt.
[132] [133<./mod_1_espacos_files/figure-pdf/fig-independencia-linear-1.pdf>] [134] [135] [136] [137] [138] [139] [140] [141]

LaTeX Warning: Reference `fig-bases-diferentes' on page 142 undefined on input line 12602.

<mod_1_espacos_files/figure-pdf/fig-bases-diferentes-1.pdf, id=1075, 650.43pt x 274.02374pt>
File: mod_1_espacos_files/figure-pdf/fig-bases-diferentes-1.pdf Graphic file (type pdf)
<use mod_1_espacos_files/figure-pdf/fig-bases-diferentes-1.pdf>
Package luatex.def Info: mod_1_espacos_files/figure-pdf/fig-bases-diferentes-1.pdf  used on input line 12610.
(luatex.def)             Requested size: 650.4284pt x 274.02307pt.
[142<./mod_1_espacos_files/figure-pdf/fig-bases-diferentes-1.pdf>] [143] [144] [145] [146] [147] [148] [149] [150] [151] [152] [153]

LaTeX Warning: Reference `thm-extensao-base' on page 154 undefined on input line 13735.

[154] [155] [156] [157]

LaTeX Warning: Reference `tbl-espacos-fundamentais' on page 158 undefined on input line 14022.

[158] [159] [160] [161] [162] [163] [164]

LaTeX Warning: Reference `fig-geometrias-induzidas' on page 165 undefined on input line 14624.

<mod_1_espacos_files/figure-pdf/fig-geometrias-induzidas-1.pdf, id=1246, 650.43pt x 266.9975pt>
File: mod_1_espacos_files/figure-pdf/fig-geometrias-induzidas-1.pdf Graphic file (type pdf)
<use mod_1_espacos_files/figure-pdf/fig-geometrias-induzidas-1.pdf>
Package luatex.def Info: mod_1_espacos_files/figure-pdf/fig-geometrias-induzidas-1.pdf  used on input line 14631.
(luatex.def)             Requested size: 650.4284pt x 266.99683pt.
[165] [166<./mod_1_espacos_files/figure-pdf/fig-geometrias-induzidas-1.pdf>] [167] [168] [169] [170]

LaTeX Warning: Reference `tbl-produtos-gram' on page 171 undefined on input line 15086.

[171] [172] [173]

LaTeX Warning: Reference `thm-existencia-base-ortonormal' on page 174 undefined on input line 15329.


LaTeX Warning: Reference `thm-extensao-base' on page 174 undefined on input line 15342.

[174] [175] [176]

LaTeX Warning: Reference `thm-existencia-base-ortonormal' on page 177 undefined on input line 15601.

[177] [178]

LaTeX Warning: Reference `thm-ortogonalidade-espacos-fundamentais' on page 179 undefined on input line 15771.


LaTeX Warning: Reference `thm-decomposicao-ortogonal' on page 179 undefined on input line 15775.

[179]

LaTeX Warning: Reference `thm-decomposicao-ortogonal' on page 180 undefined on input line 15809.

[180] [181] [182] [183]

LaTeX Warning: Reference `fig-projecao-ortogonal' on page 184 undefined on input line 16222.

<mod_1_espacos_files/figure-pdf/fig-projecao-ortogonal-1.pdf, id=1372, 433.62pt x 361.35pt>
File: mod_1_espacos_files/figure-pdf/fig-projecao-ortogonal-1.pdf Graphic file (type pdf)
<use mod_1_espacos_files/figure-pdf/fig-projecao-ortogonal-1.pdf>
Package luatex.def Info: mod_1_espacos_files/figure-pdf/fig-projecao-ortogonal-1.pdf  used on input line 16229.
(luatex.def)             Requested size: 433.61894pt x 361.34912pt.
[184] [185<./mod_1_espacos_files/figure-pdf/fig-projecao-ortogonal-1.pdf>] [186] [187] [188] [189] [190] [191] [192] [193] [194] [195] [196] [197] [198] [199] [200] [201] [202] [203] [204]

LaTeX Warning: Reference `thm-melhor-aproximacao' on page 205 undefined on input line 18050.

[205] [206] [207]

LaTeX Warning: Reference `def-pseudoinversa-moore-penrose' on page 208 undefined on input line 18321.

[208] [209] [210] [211]
chapter 4.
[212

]

LaTeX Warning: Reference `fig-preservacao-operacoes' on page 213 undefined on input line 18627.

<mod_1_transformacoes_files/figure-pdf/fig-preservacao-operacoes-1.pdf, id=1539, 650.43pt x 325.215pt>
File: mod_1_transformacoes_files/figure-pdf/fig-preservacao-operacoes-1.pdf Graphic file (type pdf)
<use mod_1_transformacoes_files/figure-pdf/fig-preservacao-operacoes-1.pdf>
Package luatex.def Info: mod_1_transformacoes_files/figure-pdf/fig-preservacao-operacoes-1.pdf  used on input line 18635.
(luatex.def)             Requested size: 650.4284pt x 325.2142pt.
[213] [214<./mod_1_transformacoes_files/figure-pdf/fig-preservacao-operacoes-1.pdf>] [215] [216] [217] [218] [219] [220] [221] [222] [223] [224] [225] [226]

LaTeX Warning: Reference `fig-efeitos-transformacoes' on page 227 undefined on input line 19809.

<mod_1_transformacoes_files/figure-pdf/fig-efeitos-transformacoes-1.pdf, id=1632, 794.97pt x 505.89pt>
File: mod_1_transformacoes_files/figure-pdf/fig-efeitos-transformacoes-1.pdf Graphic file (type pdf)
<use mod_1_transformacoes_files/figure-pdf/fig-efeitos-transformacoes-1.pdf>
Package luatex.def Info: mod_1_transformacoes_files/figure-pdf/fig-efeitos-transformacoes-1.pdf  used on input line 19816.
(luatex.def)             Requested size: 794.96806pt x 505.88875pt.
[227] [228<./mod_1_transformacoes_files/figure-pdf/fig-efeitos-transformacoes-1.pdf>] [229] [230] [231] [232] [233] [234]

LaTeX Warning: Reference `fig-composicao-transformacoes' on page 235 undefined on input line 20394.

<mod_1_transformacoes_files/figure-pdf/fig-composicao-transformacoes-1.pdf, id=1687, 794.97pt x 346.29375pt>
File: mod_1_transformacoes_files/figure-pdf/fig-composicao-transformacoes-1.pdf Graphic file (type pdf)
<use mod_1_transformacoes_files/figure-pdf/fig-composicao-transformacoes-1.pdf>
Package luatex.def Info: mod_1_transformacoes_files/figure-pdf/fig-composicao-transformacoes-1.pdf  used on input line 20401.
(luatex.def)             Requested size: 794.96806pt x 346.2929pt.
[235<./mod_1_transformacoes_files/figure-pdf/fig-composicao-transformacoes-1.pdf>] [236] [237] [238]

LaTeX Warning: Reference `thm-posto-nulidade' on page 239 undefined on input line 20729.

[239] [240]

LaTeX Warning: Reference `prp-caracterizacoes-transformacao-linear' on page 241 undefined on input line 20790.


LaTeX Warning: Reference `thm-equivalencias-invertibilidade' on page 241 undefined on input line 20791.


LaTeX Warning: Reference `tbl-injetividade-sobrejetividade' on page 241 undefined on input line 20848.

ignored error Infinite glue shrinkage found in box being split [241] [242] [243]

LaTeX Warning: Reference `fig-inversibilidade' on page 244 undefined on input line 21078.

<mod_1_transformacoes_files/figure-pdf/fig-inversibilidade-1.pdf, id=1767, 867.24pt x 361.35pt>
File: mod_1_transformacoes_files/figure-pdf/fig-inversibilidade-1.pdf Graphic file (type pdf)
<use mod_1_transformacoes_files/figure-pdf/fig-inversibilidade-1.pdf>
Package luatex.def Info: mod_1_transformacoes_files/figure-pdf/fig-inversibilidade-1.pdf  used on input line 21085.
(luatex.def)             Requested size: 867.2379pt x 361.34912pt.
[244] [245<./mod_1_transformacoes_files/figure-pdf/fig-inversibilidade-1.pdf>] [246] [247] [248] [249] [250] [251] [252]

LaTeX Warning: Reference `fig-transformacoes-quadrado' on page 253 undefined on input line 21735.

<mod_1_transformacoes_files/figure-pdf/fig-transformacoes-quadrado-1.pdf, id=1823, 794.97pt x 505.89pt>
File: mod_1_transformacoes_files/figure-pdf/fig-transformacoes-quadrado-1.pdf Graphic file (type pdf)
<use mod_1_transformacoes_files/figure-pdf/fig-transformacoes-quadrado-1.pdf>
Package luatex.def Info: mod_1_transformacoes_files/figure-pdf/fig-transformacoes-quadrado-1.pdf  used on input line 21744.
(luatex.def)             Requested size: 794.96806pt x 505.88875pt.
[253<./mod_1_transformacoes_files/figure-pdf/fig-transformacoes-quadrado-1.pdf>] [254]

LaTeX Warning: Reference `tbl-transformacoes-geometricas' on page 255 undefined on input line 21875.

[255]

LaTeX Warning: Reference `def-matriz-ortogonal' on page 256 undefined on input line 21933.


LaTeX Warning: Reference `thm-preservacao-produto-interno' on page 256 undefined on input line 22008.

[256] [257] [258] [259] [260]

LaTeX Warning: Reference `fig-transformacoes-ortogonais' on page 261 undefined on input line 22382.

<mod_1_transformacoes_files/figure-pdf/fig-transformacoes-ortogonais-1.pdf, id=1887, 794.97pt x 505.89pt>
File: mod_1_transformacoes_files/figure-pdf/fig-transformacoes-ortogonais-1.pdf Graphic file (type pdf)
<use mod_1_transformacoes_files/figure-pdf/fig-transformacoes-ortogonais-1.pdf>
Package luatex.def Info: mod_1_transformacoes_files/figure-pdf/fig-transformacoes-ortogonais-1.pdf  used on input line 22391.
(luatex.def)             Requested size: 794.96806pt x 505.88875pt.

LaTeX Warning: Reference `tbl-transformacoes-ortogonais' on page 261 undefined on input line 22409.

[261] [262<./mod_1_transformacoes_files/figure-pdf/fig-transformacoes-ortogonais-1.pdf>]

LaTeX Warning: Reference `def-coordenadas-base' on page 263 undefined on input line 22492.

[263]

LaTeX Warning: Reference `def-base-ortonormal' on page 264 undefined on input line 22548.

[264] [265] [266]

Package amsmath Warning: Bracket group [T(\mathbf {x})] at formula start!
(amsmath)                It could be a misspelled positional argument.
(amsmath)                If it belongs to the formula add a \relax in
(amsmath)                front to hide it on input line 22748.

[267]

Package amsmath Warning: Bracket group [T] at formula start!
(amsmath)                It could be a misspelled positional argument.
(amsmath)                If it belongs to the formula add a \relax in
(amsmath)                front to hide it on input line 22927.

[268] [269] [270] [271]

LaTeX Warning: Reference `fig-ativa-passiva' on page 272 undefined on input line 23221.

<mod_1_transformacoes_files/figure-pdf/fig-ativa-passiva-1.pdf, id=1956, 722.7pt x 375.4025pt>
File: mod_1_transformacoes_files/figure-pdf/fig-ativa-passiva-1.pdf Graphic file (type pdf)
<use mod_1_transformacoes_files/figure-pdf/fig-ativa-passiva-1.pdf>
Package luatex.def Info: mod_1_transformacoes_files/figure-pdf/fig-ativa-passiva-1.pdf  used on input line 23227.
(luatex.def)             Requested size: 722.69823pt x 375.40158pt.
[272<./mod_1_transformacoes_files/figure-pdf/fig-ativa-passiva-1.pdf>]

LaTeX Warning: Reference `tbl-ativa-passiva' on page 273 undefined on input line 23288.

[273] [274] [275] [276] [277] [278] [279] [280] [281] [282]

LaTeX Warning: Reference `fig-transformacoes-afins' on page 283 undefined on input line 24200.

<mod_1_transformacoes_files/figure-pdf/fig-transformacoes-afins-1.pdf, id=2022, 794.97pt x 505.89pt>
File: mod_1_transformacoes_files/figure-pdf/fig-transformacoes-afins-1.pdf Graphic file (type pdf)
<use mod_1_transformacoes_files/figure-pdf/fig-transformacoes-afins-1.pdf>
Package luatex.def Info: mod_1_transformacoes_files/figure-pdf/fig-transformacoes-afins-1.pdf  used on input line 24210.
(luatex.def)             Requested size: 794.96806pt x 505.88875pt.
[283] [284<./mod_1_transformacoes_files/figure-pdf/fig-transformacoes-afins-1.pdf>]

LaTeX Warning: Reference `tbl-lineares-afins' on page 285 undefined on input line 24226.

[285] [286] [287] [288] [289]

LaTeX Warning: Reference `tbl-sintese-transformacoes' on page 290 undefined on input line 24592.

ignored error Infinite glue shrinkage found in box being split [290] [291] [292]
chapter 5.
[293

] [294] [295] [296] [297] [298]

LaTeX Warning: Reference `fig-direcoes-invariantes' on page 299 undefined on input line 25253.

<mod_1_autovetores_files/figure-pdf/fig-direcoes-invariantes-1.pdf, id=2114, 578.16pt x 505.89pt>
File: mod_1_autovetores_files/figure-pdf/fig-direcoes-invariantes-1.pdf Graphic file (type pdf)
<use mod_1_autovetores_files/figure-pdf/fig-direcoes-invariantes-1.pdf>
Package luatex.def Info: mod_1_autovetores_files/figure-pdf/fig-direcoes-invariantes-1.pdf  used on input line 25262.
(luatex.def)             Requested size: 578.15858pt x 505.88875pt.
[299] [300<./mod_1_autovetores_files/figure-pdf/fig-direcoes-invariantes-1.pdf>] [301] [302] [303] [304] [305] [306] [307] [308] [309] [310] [311] [312] [313]

LaTeX Warning: Reference `fig-multiplicidades' on page 314 undefined on input line 26571.

<mod_1_autovetores_files/figure-pdf/fig-multiplicidades-1.pdf, id=2207, 722.7pt x 361.35pt>
File: mod_1_autovetores_files/figure-pdf/fig-multiplicidades-1.pdf Graphic file (type pdf)
<use mod_1_autovetores_files/figure-pdf/fig-multiplicidades-1.pdf>
Package luatex.def Info: mod_1_autovetores_files/figure-pdf/fig-multiplicidades-1.pdf  used on input line 26578.
(luatex.def)             Requested size: 722.69823pt x 361.34912pt.
[314<./mod_1_autovetores_files/figure-pdf/fig-multiplicidades-1.pdf>] [315] [316]

LaTeX Warning: Reference `thm-autovetores-autovalores-distintos' on page 317 undefined on input line 26811.

[317]

LaTeX Warning: Reference `def-matriz-simetrica' on page 318 undefined on input line 26927.

[318] [319] [320] [321] [322] [323] [324] [325]

LaTeX Warning: Reference `fig-interpretacao-espectral' on page 326 undefined on input line 27604.

<mod_1_autovetores_files/figure-pdf/fig-interpretacao-espectral-1.pdf, id=2289, 722.7pt x 375.4025pt>
File: mod_1_autovetores_files/figure-pdf/fig-interpretacao-espectral-1.pdf Graphic file (type pdf)
<use mod_1_autovetores_files/figure-pdf/fig-interpretacao-espectral-1.pdf>
Package luatex.def Info: mod_1_autovetores_files/figure-pdf/fig-interpretacao-espectral-1.pdf  used on input line 27613.
(luatex.def)             Requested size: 722.69823pt x 375.40158pt.
[326] [327<./mod_1_autovetores_files/figure-pdf/fig-interpretacao-espectral-1.pdf>] [328]

LaTeX Warning: Reference `prp-propriedades-matriz-projecao' on page 329 undefined on input line 27827.

[329] [330] [331] [332] [333] [334]

LaTeX Warning: Reference `def-forma-quadratica' on page 335 undefined on input line 28341.

[335] [336] [337] [338] [339] [340] [341] [342] [343]

LaTeX Warning: Reference `def-produto-interno-induzido' on page 344 undefined on input line 29101.

[344] [345] [346] [347] [348]

LaTeX Warning: Reference `fig-quociente-rayleigh' on page 349 undefined on input line 29537.

<mod_1_autovetores_files/figure-pdf/fig-quociente-rayleigh-1.pdf, id=2426, 650.43pt x 375.4025pt>
File: mod_1_autovetores_files/figure-pdf/fig-quociente-rayleigh-1.pdf Graphic file (type pdf)
<use mod_1_autovetores_files/figure-pdf/fig-quociente-rayleigh-1.pdf>
Package luatex.def Info: mod_1_autovetores_files/figure-pdf/fig-quociente-rayleigh-1.pdf  used on input line 29552.
(luatex.def)             Requested size: 650.4284pt x 375.40158pt.
[349<./mod_1_autovetores_files/figure-pdf/fig-quociente-rayleigh-1.pdf>] [350] [351] [352] [353] [354] [355] [356] [357] [358] [359] [360] [361] [362] [363] [364] [365] [366] [367] [368]

LaTeX Warning: Reference `tbl-funcoes-espectrais' on page 369 undefined on input line 31155.

[369]

LaTeX Warning: Reference `def-produto-interno-induzido' on page 370 undefined on input line 31279.

[370] [371] [372] [373] [374] [375] [376] [377]

LaTeX Warning: Reference `thm-extremos-quociente-rayleigh' on page 378 undefined on input line 31969.

LaTeX Font Info:    Font shape `TU/latinmodern-math.otf(1)/m/n' will be
(Font)              scaled to size 12.0pt on input line 31975.
LaTeX Font Info:    Font shape `TU/latinmodern-math.otf(1)/m/n' will be
(Font)              scaled to size 8.0pt on input line 31975.
LaTeX Font Info:    Font shape `TU/latinmodern-math.otf(1)/m/n' will be
(Font)              scaled to size 6.0pt on input line 31975.
LaTeX Font Info:    Font shape `TU/latinmodern-math.otf(2)/m/n' will be
(Font)              scaled to size 12.0pt on input line 31975.
LaTeX Font Info:    Font shape `TU/latinmodern-math.otf(2)/m/n' will be
(Font)              scaled to size 8.0pt on input line 31975.
LaTeX Font Info:    Font shape `TU/latinmodern-math.otf(2)/m/n' will be
(Font)              scaled to size 6.0pt on input line 31975.
LaTeX Font Info:    Font shape `TU/latinmodern-math.otf(3)/m/n' will be
(Font)              scaled to size 12.0pt on input line 31975.
LaTeX Font Info:    Font shape `TU/latinmodern-math.otf(3)/m/n' will be
(Font)              scaled to size 8.0pt on input line 31975.
LaTeX Font Info:    Font shape `TU/latinmodern-math.otf(3)/m/n' will be
(Font)              scaled to size 6.0pt on input line 31975.
[378] [379] [380] [381] [382] [383] [384] [385] [386] [387] [388] [389]

LaTeX Warning: Reference `tbl-sintese-espectral' on page 390 undefined on input line 33092.

ignored error Infinite glue shrinkage found in box being split [390] [391]
chapter 6.
[392

] [393] [394] [395] [396] [397] [398] [399]

LaTeX Warning: Reference `tbl-svd-completa' on page 400 undefined on input line 33893.

[400] [401]

LaTeX Warning: Reference `tbl-svd-compacta' on page 402 undefined on input line 34046.

[402] [403] [404] [405] [406] [407] [408] [409] [410]

LaTeX Warning: Reference `prp-propriedades-matriz-gram' on page 411 undefined on input line 34811.


LaTeX Warning: Reference `thm-teorema-espectral' on page 411 undefined on input line 34861.

[411] [412] [413] [414] [415]

LaTeX Warning: Reference `thm-existencia-svd' on page 416 undefined on input line 35292.

[416]

LaTeX Warning: Reference `prp-espectros-gram-svd' on page 417 undefined on input line 35417.

[417] [418] [419] [420] [421]

LaTeX Warning: Reference `thm-existencia-svd' on page 422 undefined on input line 35836.

[422]

LaTeX Warning: Reference `prp-construcao-svd-compacta' on page 423 undefined on input line 35885.

[423] [424] [425] [426] [427] [428] [429] [430] [431] [432] [433] [434] [435] [436] [437] [438] [439] [440] [441] [442]

LaTeX Warning: Reference `fig-geometria-svd' on page 443 undefined on input line 37539.

<mod_1_svd_files/figure-pdf/fig-geometria-svd-1.pdf, id=2930, 722.7pt x 375.4025pt>
File: mod_1_svd_files/figure-pdf/fig-geometria-svd-1.pdf Graphic file (type pdf)
<use mod_1_svd_files/figure-pdf/fig-geometria-svd-1.pdf>
Package luatex.def Info: mod_1_svd_files/figure-pdf/fig-geometria-svd-1.pdf  used on input line 37550.
(luatex.def)             Requested size: 722.69823pt x 375.40158pt.
[443<./mod_1_svd_files/figure-pdf/fig-geometria-svd-1.pdf>] [444] [445] [446] [447] [448]

LaTeX Warning: Reference `tbl-espacos-svd' on page 449 undefined on input line 38072.

[449] [450]

LaTeX Warning: Reference `prp-espacos-fundamentais-svd' on page 451 undefined on input line 38272.


LaTeX Warning: Reference `prp-projecao-base-ortonormal' on page 451 undefined on input line 38289.

[451] [452] [453] [454]

LaTeX Warning: Reference `tbl-svd-estrutura-matriz' on page 455 undefined on input line 38654.

[455] [456]

LaTeX Warning: Reference `prp-extremos-comprimentos-svd' on page 457 undefined on input line 38888.


LaTeX Warning: Reference `def-norma-espectral' on page 457 undefined on input line 38897.

[457]

LaTeX Warning: Reference `prp-decomposicoes-espectrais-svd' on page 458 undefined on input line 38915.

[458] [459] [460] [461] [462] [463] [464] [465] [466] [467] [468]

LaTeX Warning: Reference `prp-dualidade-svd-dados' on page 469 undefined on input line 39920.

[469] [470] [471]

LaTeX Warning: Reference `prp-decomposicoes-espectrais-svd' on page 472 undefined on input line 40098.

[472] [473]

LaTeX Warning: Reference `prp-decomposicoes-espectrais-svd' on page 474 undefined on input line 40273.

[474] [475] [476] [477] [478] [479]

LaTeX Warning: Reference `prp-normas-valores-singulares' on page 480 undefined on input line 40739.

[480] [481] [482] [483] [484] [485]

LaTeX Warning: Reference `def-svd-truncada' on page 486 undefined on input line 41379.

[486] [487] [488]

LaTeX Warning: Reference `prp-ortogonalidade-parcelas-svd' on page 489 undefined on input line 41565.


LaTeX Warning: Reference `prp-normas-valores-singulares' on page 489 undefined on input line 41633.

[489] [490] [491] [492] [493] [494] [495] [496]

LaTeX Warning: Reference `thm-eckart-young-mirsky' on page 497 undefined on input line 42350.

[497] [498] [499] [500] [501] [502]

LaTeX Warning: Reference `thm-eckart-young-mirsky' on page 503 undefined on input line 42812.

[503] [504] [505] [506] [507] [508] [509] [510] [511] [512]

LaTeX Warning: Reference `prp-projetores-espacos-svd' on page 513 undefined on input line 43738.

[513]

LaTeX Warning: Reference `tbl-projetores-pseudoinversa' on page 514 undefined on input line 43804.

[514] [515]

LaTeX Warning: Reference `prp-projetores-pseudoinversa' on page 516 undefined on input line 43942.

[516] [517] [518]

LaTeX Warning: Reference `prp-projetores-pseudoinversa' on page 519 undefined on input line 44270.

[519] [520] [521] [522] [523] [524] [525] [526] [527] [528] [529] [530] [531] [532] [533] [534] [535] [536]

LaTeX Warning: Reference `tbl-sintese-svd' on page 537 undefined on input line 45786.

ignored error Infinite glue shrinkage found in box being split [537] [538] [539]
chapter 7.
[540

]

LaTeX Warning: Reference `def-norma-euclidiana' on page 541 undefined on input line 46034.

[541]

LaTeX Warning: Reference `def-norma-frobenius' on page 542 undefined on input line 46107.


LaTeX Warning: Reference `tbl-tipos-funcoes-calculo' on page 542 undefined on input line 46140.

[542] [543] [544] [545] [546] [547]

LaTeX Warning: Reference `fig-aproximacao-linear-direcional' on page 548 undefined on input line 46685.

<mod_1_calculo_files/figure-pdf/fig-aproximacao-linear-direcional-1.pdf, id=3496, 578.16pt x 361.35pt>
File: mod_1_calculo_files/figure-pdf/fig-aproximacao-linear-direcional-1.pdf Graphic file (type pdf)
<use mod_1_calculo_files/figure-pdf/fig-aproximacao-linear-direcional-1.pdf>
Package luatex.def Info: mod_1_calculo_files/figure-pdf/fig-aproximacao-linear-direcional-1.pdf  used on input line 46692.
(luatex.def)             Requested size: 578.15858pt x 361.34912pt.
[548] [549<./mod_1_calculo_files/figure-pdf/fig-aproximacao-linear-direcional-1.pdf>] [550] [551] [552]

LaTeX Warning: Reference `thm-cauchy-schwarz' on page 553 undefined on input line 47020.

[553] [554]

LaTeX Warning: Reference `fig-gradiente-curvas-nivel' on page 555 undefined on input line 47217.

<mod_1_calculo_files/figure-pdf/fig-gradiente-curvas-nivel-1.pdf, id=3546, 505.89pt x 433.62pt>
File: mod_1_calculo_files/figure-pdf/fig-gradiente-curvas-nivel-1.pdf Graphic file (type pdf)
<use mod_1_calculo_files/figure-pdf/fig-gradiente-curvas-nivel-1.pdf>
Package luatex.def Info: mod_1_calculo_files/figure-pdf/fig-gradiente-curvas-nivel-1.pdf  used on input line 47224.
(luatex.def)             Requested size: 505.88875pt x 433.61894pt.
[555] [556<./mod_1_calculo_files/figure-pdf/fig-gradiente-curvas-nivel-1.pdf>] [557] [558] [559] [560] [561] [562] [563] [564] [565] [566] [567] [568] [569] [570]

LaTeX Warning: Reference `fig-curvatura-hessiana' on page 571 undefined on input line 48655.

<mod_1_calculo_files/figure-pdf/fig-curvatura-hessiana-1.pdf, id=3653, 650.43pt x 289.08pt>
File: mod_1_calculo_files/figure-pdf/fig-curvatura-hessiana-1.pdf Graphic file (type pdf)
<use mod_1_calculo_files/figure-pdf/fig-curvatura-hessiana-1.pdf>
Package luatex.def Info: mod_1_calculo_files/figure-pdf/fig-curvatura-hessiana-1.pdf  used on input line 48662.
(luatex.def)             Requested size: 650.4284pt x 289.07928pt.
[571<./mod_1_calculo_files/figure-pdf/fig-curvatura-hessiana-1.pdf>] [572] [573] [574] [575] [576] [577] [578] [579]

LaTeX Warning: Reference `prp-condicao-primeira-ordem-extremo-local' on page 580 undefined on input line 49344.


LaTeX Warning: Reference `thm-classificacao-hessiana' on page 580 undefined on input line 49346.


LaTeX Warning: Reference `prp-convexidade-minimizacao' on page 580 undefined on input line 49350.

[580] [581] [582] [583] [584] [585]

LaTeX Warning: Reference `thm-ortogonalidade-espacos-fundamentais' on page 586 undefined on input line 50011.

[586] [587] [588] [589]

LaTeX Warning: Reference `thm-cauchy-schwarz' on page 590 undefined on input line 50397.

[590]

LaTeX Warning: Reference `thm-extremos-quociente-rayleigh' on page 591 undefined on input line 50481.

[591] [592] [593] [594]

LaTeX Warning: Reference `def-forma-quadratica' on page 595 undefined on input line 50768.


LaTeX Warning: Reference `prp-parte-simetrica-forma-quadratica' on page 595 undefined on input line 50769.

[595] [596]

LaTeX Warning: Reference `def-classificacao-positividade' on page 597 undefined on input line 50995.


LaTeX Warning: Reference `def-norma-euclidiana' on page 597 undefined on input line 51053.

[597] [598] [599]

LaTeX Warning: Reference `def-equacoes-normais' on page 600 undefined on input line 51247.


LaTeX Warning: Reference `prp-minimos-quadrados-pseudoinversa' on page 600 undefined on input line 51249.

[600]

LaTeX Warning: Reference `prp-convexidade-minimizacao' on page 601 undefined on input line 51361.


LaTeX Warning: Reference `prp-minimos-quadrados-pseudoinversa' on page 601 undefined on input line 51429.

[601] [602] [603]

LaTeX Warning: Reference `def-produto-interno-induzido' on page 604 undefined on input line 51619.


LaTeX Warning: Reference `def-norma-induzida' on page 604 undefined on input line 51685.

[604] [605] [606] [607]

LaTeX Warning: Reference `def-produto-interno-frobenius' on page 608 undefined on input line 52025.

[608] [609]

LaTeX Warning: Reference `def-traco' on page 610 undefined on input line 52193.


LaTeX Warning: Reference `prp-propriedades-basicas-traco' on page 610 undefined on input line 52195.


LaTeX Warning: Reference `prp-traco-produtos-matriciais' on page 610 undefined on input line 52196.

[610] [611]

LaTeX Warning: Reference `def-norma-frobenius' on page 612 undefined on input line 52411.

[612] [613] [614] [615] [616] [617] [618] [619] [620]

LaTeX Warning: Reference `def-matriz-inversa' on page 621 undefined on input line 53308.


LaTeX Warning: Reference `def-determinante' on page 621 undefined on input line 53308.


LaTeX Warning: Reference `thm-determinante-invertibilidade' on page 621 undefined on input line 53310.


LaTeX Warning: Reference `def-classificacao-positividade' on page 621 undefined on input line 53312.

[621] [622] [623] [624] [625] [626] [627] [628] [629] [630] [631] [632] [633] [634] [635] [636] [637] [638] [639] [640] [641] [642] [643] [644] [645] [646] [647] [648] [649] [650] [651] [652] [653] [654] [655]

LaTeX Warning: Reference `thm-tonelli' on page 656 undefined on input line 56595.

[656] [657] [658] [659] [660]

LaTeX Warning: Reference `thm-mudanca-variaveis-integral' on page 661 undefined on input line 57002.

[661] [662] [663]

LaTeX Warning: Reference `fig-jacobiano-alteracao-area' on page 664 undefined on input line 57254.

<mod_1_calculo_files/figure-pdf/fig-jacobiano-alteracao-area-1.pdf, id=4198, 650.43pt x 325.215pt>
File: mod_1_calculo_files/figure-pdf/fig-jacobiano-alteracao-area-1.pdf Graphic file (type pdf)
<use mod_1_calculo_files/figure-pdf/fig-jacobiano-alteracao-area-1.pdf>
Package luatex.def Info: mod_1_calculo_files/figure-pdf/fig-jacobiano-alteracao-area-1.pdf  used on input line 57261.
(luatex.def)             Requested size: 650.4284pt x 325.2142pt.
[664<./mod_1_calculo_files/figure-pdf/fig-jacobiano-alteracao-area-1.pdf>] [665] [666] [667] [668] [669] [670]

LaTeX Warning: Reference `thm-diferenciacao-integral' on page 671 undefined on input line 57957.

[671]

LaTeX Warning: Reference `thm-diferenciacao-integral' on page 672 undefined on input line 58005.

[672] [673] [674] [675] [676] [677] [678] [679] [680] [681] [682] [683] [684] [685]

Package longtable Warning: Column widths have changed
(longtable)                in table 7.2 on input line 59364.

[686]

LaTeX Warning: Reference `tbl-identidades-calculo' on page 687 undefined on input line 59437.

[687] [688] [689] [690

]

LaTeX Warning: Reference `exr-fix-m1-transformacao-dados' on page 691 undefined on input line 59683.

[691] [692] [693] [694] [695] [696] [697] [698]

LaTeX Warning: Reference `exr-fix-m1-autovalor-generalizado' on page 699 undefined on input line 60352.

[699] [700]

LaTeX Warning: Reference `exr-fix-m1-svd' on page 701 undefined on input line 60512.

[701]

LaTeX Warning: Reference `exr-fix-m1-projecao-residuos' on page 702 undefined on input line 60655.

[702]

LaTeX Warning: Reference `exr-fix-m1-maxima-dispersao' on page 703 undefined on input line 60714.

[703] [704] [705]
LaTeX Font Info:    Font shape `TU/lmtt/bx/n' in size <14.4> not available
(Font)              Font shape `TU/lmtt/b/n' tried instead on input line 60997.
[706] [707]

LaTeX Warning: Reference `exr-fix-m1-r-centralizacao' on page 708 undefined on input line 61094.

[708] [709]

LaTeX Warning: Reference `exr-fix-m1-r-rayleigh' on page 710 undefined on input line 61271.

[710]

LaTeX Warning: Reference `exr-fix-m1-r-svd' on page 711 undefined on input line 61404.

[711] [712] [713]

LaTeX Warning: Reference `exr-fix-m1-r-minimos-quadrados' on page 714 undefined on input line 61674.

[714] [715]
part II.
Package scrkbase Info: You've told me to use the font selection of the element
(scrkbase)             `partprefix' that is an alias of element `partnumber'
(scrkbase)              on input line 61731.
[716

]
chapter 8.
[717

]

LaTeX Warning: Reference `def-vetor-multivariado' on page 718 undefined on input line 61860.


LaTeX Warning: Reference `def-matriz-dados' on page 718 undefined on input line 61874.

[718]

LaTeX Warning: Reference `prp-centralizacao-preserva-distancias' on page 719 undefined on input line 61927.


LaTeX Warning: Reference `def-produto-externo' on page 719 undefined on input line 61986.

[719]

LaTeX Warning: Reference `eq-covariancia-segundo-momento' on page 720 undefined on input line 62065.

[720]

LaTeX Warning: Reference `fig-covariancia-padroes' on page 721 undefined on input line 62134.

<mod_2_covariancias_files/figure-pdf/fig-covariancia-padroes-1.pdf, id=4799, 650.43pt x 252.945pt>
File: mod_2_covariancias_files/figure-pdf/fig-covariancia-padroes-1.pdf Graphic file (type pdf)
<use mod_2_covariancias_files/figure-pdf/fig-covariancia-padroes-1.pdf>
Package luatex.def Info: mod_2_covariancias_files/figure-pdf/fig-covariancia-padroes-1.pdf  used on input line 62141.
(luatex.def)             Requested size: 650.4284pt x 252.94438pt.
[721<./mod_2_covariancias_files/figure-pdf/fig-covariancia-padroes-1.pdf>]

LaTeX Warning: Reference `eq-covariancia-forma-expandida' on page 722 undefined on input line 62188.


LaTeX Warning: Reference `eq-transformacao-covariancia-escalar' on page 722 undefined on input line 62221.


LaTeX Warning: Reference `eq-limite-covariancia' on page 722 undefined on input line 62246.

[722] [723]

LaTeX Warning: Reference `fig-dependencia-covariancia-nula' on page 724 undefined on input line 62396.

<mod_2_covariancias_files/figure-pdf/fig-dependencia-covariancia-nula-1.pdf, id=4834, 433.62pt x 289.08pt>
File: mod_2_covariancias_files/figure-pdf/fig-dependencia-covariancia-nula-1.pdf Graphic file (type pdf)
<use mod_2_covariancias_files/figure-pdf/fig-dependencia-covariancia-nula-1.pdf>
Package luatex.def Info: mod_2_covariancias_files/figure-pdf/fig-dependencia-covariancia-nula-1.pdf  used on input line 62402.
(luatex.def)             Requested size: 433.61894pt x 289.07928pt.
[724] [725<./mod_2_covariancias_files/figure-pdf/fig-dependencia-covariancia-nula-1.pdf>] [726] [727]

LaTeX Warning: Reference `eq-variancia-combinacao-linear' on page 728 undefined on input line 62734.


LaTeX Warning: Reference `def-forma-quadratica' on page 728 undefined on input line 62745.

[728]

LaTeX Warning: Reference `eq-variancia-combinacao-linear' on page 729 undefined on input line 62830.


LaTeX Warning: Reference `def-classificacao-positividade' on page 729 undefined on input line 62871.

[729]

LaTeX Warning: Reference `thm-teorema-espectral' on page 730 undefined on input line 62942.


LaTeX Warning: Reference `def-raiz-quadrada-principal' on page 730 undefined on input line 62944.

[730] [731]

LaTeX Warning: Reference `eq-limite-covariancia' on page 732 undefined on input line 63122.


LaTeX Warning: Reference `eq-variancia-combinacao-linear' on page 732 undefined on input line 63193.

[732]

LaTeX Warning: Reference `thm-teorema-espectral' on page 733 undefined on input line 63277.


LaTeX Warning: Reference `eq-variancia-combinacao-linear' on page 733 undefined on input line 63303.

[733]

LaTeX Warning: Reference `prp-singularidade-matriz-covariancias' on page 734 undefined on input line 63365.

[734] [735] [736]

LaTeX Warning: Reference `def-matriz-particionada' on page 737 undefined on input line 63761.

[737]

LaTeX Warning: Reference `def-complemento-schur' on page 738 undefined on input line 63813.


LaTeX Warning: Reference `thm-positividade-complemento-schur' on page 738 undefined on input line 63838.

[738] [739] [740]

LaTeX Warning: Reference `eq-covariancia-combinacoes-blocos' on page 741 undefined on input line 64084.


LaTeX Warning: Reference `def-transformacao-afim' on page 741 undefined on input line 64120.

[741]

LaTeX Warning: Reference `eq-covariancia-transformacao-afim' on page 742 undefined on input line 64259.


LaTeX Warning: Reference `eq-variancia-combinacao-linear' on page 742 undefined on input line 64288.

[742]

LaTeX Warning: Reference `def-matriz-ortogonal' on page 743 undefined on input line 64324.


LaTeX Warning: Reference `eq-covariancia-transformacao-afim' on page 743 undefined on input line 64392.

[743] [744]

LaTeX Warning: Reference `eq-covariancia-transformacao-afim' on page 745 undefined on input line 64575.


LaTeX Warning: Reference `eq-transformacao-covariancia-cruzada' on page 745 undefined on input line 64576.

[745]

LaTeX Warning: Reference `eq-covariancia-transformacao-afim' on page 746 undefined on input line 64705.

[746]

LaTeX Warning: Reference `eq-correlacao-populacional' on page 747 undefined on input line 64815.

[747]

LaTeX Warning: Reference `prp-transformacao-afim-covariancia' on page 748 undefined on input line 64945.

[748] [749]

LaTeX Warning: Reference `def-raiz-quadrada-principal' on page 750 undefined on input line 65177.

[750] [751] [752]

LaTeX Warning: Reference `exm-dependencia-covariancia-nula' on page 753 undefined on input line 65397.

[753]

LaTeX Warning: Reference `exm-matriz-covariancias-tres-variaveis' on page 754 undefined on input line 65494.


LaTeX Warning: Reference `eq-matriz-correlacoes-populacional' on page 754 undefined on input line 65530.

[754]

LaTeX Warning: Reference `eq-variancia-combinacao-linear' on page 755 undefined on input line 65609.


LaTeX Warning: Reference `thm-teorema-espectral' on page 755 undefined on input line 65628.

[755]

LaTeX Warning: Reference `thm-extremos-quociente-rayleigh' on page 756 undefined on input line 65730.

[756]

LaTeX Warning: Reference `eq-variancia-combinacao-linear' on page 757 undefined on input line 65803.


LaTeX Warning: Reference `thm-multiplicadores-lagrange' on page 757 undefined on input line 65832.

[757] [758]

LaTeX Warning: Reference `thm-extremos-quociente-rayleigh' on page 759 undefined on input line 66007.

[759]

LaTeX Warning: Reference `eq-covariancia-isotropica' on page 760 undefined on input line 66139.

[760]

LaTeX Warning: Reference `eq-decomposicao-espectral-covariancia' on page 761 undefined on input line 66173.


LaTeX Warning: Reference `fig-elipsoide-covariancia' on page 761 undefined on input line 66213.

<mod_2_covariancias_files/figure-pdf/fig-elipsoide-covariancia-1.pdf, id=5107, 433.62pt x 361.35pt>
File: mod_2_covariancias_files/figure-pdf/fig-elipsoide-covariancia-1.pdf Graphic file (type pdf)
<use mod_2_covariancias_files/figure-pdf/fig-elipsoide-covariancia-1.pdf>
Package luatex.def Info: mod_2_covariancias_files/figure-pdf/fig-elipsoide-covariancia-1.pdf  used on input line 66220.
(luatex.def)             Requested size: 433.61894pt x 361.34912pt.
[761] [762<./mod_2_covariancias_files/figure-pdf/fig-elipsoide-covariancia-1.pdf>]

LaTeX Warning: Reference `def-raiz-quadrada-principal' on page 763 undefined on input line 66258.


LaTeX Warning: Reference `def-traco' on page 763 undefined on input line 66329.

[763] [764] [765]

LaTeX Warning: Reference `eq-elipsoide-covariancia' on page 766 undefined on input line 66652.


LaTeX Warning: Reference `prp-determinante-volume-transformacao' on page 766 undefined on input line 66710.


LaTeX Warning: Reference `eq-volume-elipsoide-covariancia' on page 766 undefined on input line 66738.

[766] [767]

LaTeX Warning: Reference `eq-covariancia-transformacao-afim' on page 768 undefined on input line 66874.


LaTeX Warning: Reference `prp-determinante-volume-transformacao' on page 768 undefined on input line 66915.

[768]

LaTeX Warning: Reference `def-produto-interno-induzido' on page 769 undefined on input line 67022.


LaTeX Warning: Reference `def-norma-induzida' on page 769 undefined on input line 67023.


LaTeX Warning: Reference `eq-distancia-mahalanobis-dois-pontos' on page 769 undefined on input line 67024.

[769]

LaTeX Warning: Reference `eq-decomposicao-espectral-covariancia' on page 770 undefined on input line 67049.

[770]

LaTeX Warning: Reference `eq-elipsoide-covariancia' on page 771 undefined on input line 67143.


LaTeX Warning: Reference `fig-distancia-mahalanobis' on page 771 undefined on input line 67148.

<mod_2_covariancias_files/figure-pdf/fig-distancia-mahalanobis-1.pdf, id=5208, 505.89pt x 361.35pt>
File: mod_2_covariancias_files/figure-pdf/fig-distancia-mahalanobis-1.pdf Graphic file (type pdf)
<use mod_2_covariancias_files/figure-pdf/fig-distancia-mahalanobis-1.pdf>
Package luatex.def Info: mod_2_covariancias_files/figure-pdf/fig-distancia-mahalanobis-1.pdf  used on input line 67156.
(luatex.def)             Requested size: 505.88875pt x 361.34912pt.
[771<./mod_2_covariancias_files/figure-pdf/fig-distancia-mahalanobis-1.pdf>]

LaTeX Warning: Reference `def-raiz-quadrada-principal' on page 772 undefined on input line 67219.

[772]

LaTeX Warning: Reference `eq-transformacao-branqueamento-ponto' on page 773 undefined on input line 67285.


LaTeX Warning: Reference `eq-esperanca-forma-quadratica-geral' on page 773 undefined on input line 67350.


LaTeX Warning: Reference `exm-variancias-eixos-espectrais' on page 773 undefined on input line 67396.

[773] [774]

LaTeX Warning: Reference `eq-mahalanobis-eixos-espectrais' on page 775 undefined on input line 67568.

[775]

LaTeX Warning: Reference `eq-matriz-correlacoes-populacional' on page 776 undefined on input line 67656.

[776]

LaTeX Warning: Reference `def-matriz-dados' on page 777 undefined on input line 67776.

[777]

LaTeX Warning: Reference `prp-centralizacao-preserva-distancias' on page 778 undefined on input line 67876.

[778]

LaTeX Warning: Reference `def-matriz-gram' on page 779 undefined on input line 67950.


LaTeX Warning: Reference `prp-propriedades-matriz-gram' on page 779 undefined on input line 67951.

[779] [780]

LaTeX Warning: Reference `eq-variancia-observada-combinacao-linear' on page 781 undefined on input line 68174.


LaTeX Warning: Reference `eq-variancia-combinacao-linear' on page 781 undefined on input line 68175.

[781]

LaTeX Warning: Reference `eq-correlacao-produto-dados-padronizados' on page 782 undefined on input line 68314.

[782] [783] [784] [785]

LaTeX Warning: Reference `eq-covariancia-combinacoes-blocos-observada' on page 786 undefined on input line 68674.


LaTeX Warning: Reference `eq-covariancia-combinacoes-blocos' on page 786 undefined on input line 68676.

[786]

LaTeX Warning: Reference `fig-decomposicao-dispersao-grupos' on page 787 undefined on input line 68800.

<mod_2_covariancias_files/figure-pdf/fig-decomposicao-dispersao-grupos-1.pdf, id=5352, 578.16pt x 433.62pt>
File: mod_2_covariancias_files/figure-pdf/fig-decomposicao-dispersao-grupos-1.pdf Graphic file (type pdf)
<use mod_2_covariancias_files/figure-pdf/fig-decomposicao-dispersao-grupos-1.pdf>
Package luatex.def Info: mod_2_covariancias_files/figure-pdf/fig-decomposicao-dispersao-grupos-1.pdf  used on input line 68810.
(luatex.def)             Requested size: 578.15858pt x 433.61894pt.
[787] [788<./mod_2_covariancias_files/figure-pdf/fig-decomposicao-dispersao-grupos-1.pdf>]

LaTeX Warning: Reference `eq-decomposicao-vetor-desvio-grupos' on page 789 undefined on input line 68919.

[789] [790] [791]

LaTeX Warning: Reference `eq-decomposicao-dispersao-grupos' on page 792 undefined on input line 69340.

[792] [793]

LaTeX Warning: Reference `eq-decomposicao-dispersao-direcao' on page 794 undefined on input line 69482.


LaTeX Warning: Reference `eq-decomposicao-dispersao-grupos' on page 794 undefined on input line 69486.


LaTeX Warning: Reference `eq-decomposicao-dispersao-direcao' on page 794 undefined on input line 69525.

[794] [795] [796] [797] [798] [799]

LaTeX Warning: Reference `eq-esperanca-dispersao-entre-grupos' on page 800 undefined on input line 70136.

[800] [801] [802]

LaTeX Warning: Reference `eq-decomposicao-dispersao-grupos' on page 803 undefined on input line 70491.

[803]

LaTeX Warning: Reference `eq-posto-sscp-total' on page 804 undefined on input line 70518.

[804] [805] [806] [807] [808]

LaTeX Warning: Reference `tbl-sintese-covariancias' on page 809 undefined on input line 71154.

ignored error Infinite glue shrinkage found in box being split [809] [810] [811]
chapter 9.

LaTeX Warning: Reference `eq-vetor-medias-populacional' on page 812 undefined on input line 71284.


LaTeX Warning: Reference `def-matriz-covariancias-populacional' on page 812 undefined on input line 71285.


LaTeX Warning: Reference `eq-elipsoide-covariancia' on page 812 undefined on input line 71286.

[812

] [813]

LaTeX Warning: Reference `prp-momentos-combinacoes-lineares' on page 814 undefined on input line 71468.

[814] [815]

LaTeX Warning: Reference `def-transformacao-afim' on page 816 undefined on input line 71658.


LaTeX Warning: Reference `prp-transformacao-afim-covariancia' on page 816 undefined on input line 71705.

[816]

LaTeX Warning: Reference `prp-estrutura-matriz-covariancias' on page 817 undefined on input line 71773.


LaTeX Warning: Reference `thm-teorema-espectral' on page 817 undefined on input line 71784.


LaTeX Warning: Reference `prp-estrutura-matriz-covariancias' on page 817 undefined on input line 71816.


LaTeX Warning: Reference `def-raiz-quadrada-principal' on page 817 undefined on input line 71832.

[817] [818] [819]

LaTeX Warning: Reference `thm-cramer-wold' on page 820 undefined on input line 72061.

[820] [821]

LaTeX Warning: Reference `prp-singularidade-matriz-covariancias' on page 822 undefined on input line 72263.


LaTeX Warning: Reference `eq-representacao-normal-singular' on page 822 undefined on input line 72279.


LaTeX Warning: Reference `eq-representacao-normal-singular' on page 822 undefined on input line 72355.

[822]

LaTeX Warning: Reference `eq-suporte-normal-singular' on page 823 undefined on input line 72398.

[823] [824] [825]

LaTeX Warning: Reference `eq-representacao-raiz-normal' on page 826 undefined on input line 72666.


LaTeX Warning: Reference `prp-transformacao-densidade' on page 826 undefined on input line 72747.

[826]

LaTeX Warning: Reference `def-distancia-mahalanobis' on page 827 undefined on input line 72833.

[827]

LaTeX Warning: Reference `eq-densidade-normal-multivariada' on page 828 undefined on input line 72943.


LaTeX Warning: Reference `eq-elipsoide-covariancia' on page 828 undefined on input line 72991.


LaTeX Warning: Reference `eq-elipsoide-coordenadas-espectrais' on page 828 undefined on input line 73041.

[828]

LaTeX Warning: Reference `fig-densidade-normal-bivariada' on page 829 undefined on input line 73053.

<mod_2_normal_files/figure-pdf/fig-densidade-normal-bivariada-1.pdf, id=5660, 542.025pt x 397.485pt>
File: mod_2_normal_files/figure-pdf/fig-densidade-normal-bivariada-1.pdf Graphic file (type pdf)
<use mod_2_normal_files/figure-pdf/fig-densidade-normal-bivariada-1.pdf>
Package luatex.def Info: mod_2_normal_files/figure-pdf/fig-densidade-normal-bivariada-1.pdf  used on input line 73060.
(luatex.def)             Requested size: 542.02367pt x 397.48402pt.
[829<./mod_2_normal_files/figure-pdf/fig-densidade-normal-bivariada-1.pdf>]

LaTeX Warning: Reference `prp-construcao-afim-normal' on page 830 undefined on input line 73097.


LaTeX Warning: Reference `prp-transformacao-afim-covariancia' on page 830 undefined on input line 73154.

[830] [831]

LaTeX Warning: Reference `prp-transformacao-afim-normal' on page 832 undefined on input line 73398.

[832] [833]

LaTeX Warning: Reference `eq-particionamento-normal' on page 834 undefined on input line 73585.


LaTeX Warning: Reference `prp-transformacao-afim-normal' on page 834 undefined on input line 73633.

[834]

LaTeX Warning: Reference `eq-matriz-variancias-populacionais' on page 835 undefined on input line 73737.


LaTeX Warning: Reference `prp-transformacao-afim-normal' on page 835 undefined on input line 73770.


LaTeX Warning: Reference `def-matriz-correlacoes-populacional' on page 835 undefined on input line 73772.

[835]

LaTeX Warning: Reference `eq-covariancia-vetor-branqueado' on page 836 undefined on input line 73843.

[836] [837]

LaTeX Warning: Reference `def-complemento-schur' on page 838 undefined on input line 74037.

[838]

LaTeX Warning: Reference `eq-particionamento-independencia-normal' on page 839 undefined on input line 74121.

[839]

LaTeX Warning: Reference `prp-determinacao-normal-parametros' on page 840 undefined on input line 74265.

[840] [841]

LaTeX Warning: Reference `eq-complemento-schur-covariancia' on page 842 undefined on input line 74439.


LaTeX Warning: Reference `prp-transformacao-afim-normal' on page 842 undefined on input line 74495.

[842]

LaTeX Warning: Reference `prp-independencia-blocos-normais' on page 843 undefined on input line 74531.


LaTeX Warning: Reference `prp-complemento-schur-covariancia-residual' on page 843 undefined on input line 74550.


LaTeX Warning: Reference `eq-residuo-condicional-normal' on page 843 undefined on input line 74581.

[843]

LaTeX Warning: Reference `prp-complemento-schur-covariancia-residual' on page 844 undefined on input line 74688.

[844] [845]

LaTeX Warning: Reference `prp-independencia-blocos-normais' on page 846 undefined on input line 74921.

[846] [847]

LaTeX Warning: Reference `prp-independencia-blocos-normais' on page 848 undefined on input line 75084.


LaTeX Warning: Reference `fig-condicional-normal' on page 848 undefined on input line 75172.

<mod_2_normal_files/figure-pdf/fig-condicional-normal-1.pdf, id=5829, 650.43pt x 325.215pt>
File: mod_2_normal_files/figure-pdf/fig-condicional-normal-1.pdf Graphic file (type pdf)
<use mod_2_normal_files/figure-pdf/fig-condicional-normal-1.pdf>
Package luatex.def Info: mod_2_normal_files/figure-pdf/fig-condicional-normal-1.pdf  used on input line 75180.
(luatex.def)             Requested size: 650.4284pt x 325.2142pt.
[848]

LaTeX Warning: Reference `def-distancia-mahalanobis' on page 849 undefined on input line 75220.

[849<./mod_2_normal_files/figure-pdf/fig-condicional-normal-1.pdf>]

LaTeX Warning: Reference `eq-branqueamento-normal' on page 850 undefined on input line 75314.

[850]

LaTeX Warning: Reference `eq-esperanca-mahalanobis-quadratica' on page 851 undefined on input line 75434.

[851]

LaTeX Warning: Reference `prp-mahalanobis-qui-quadrado' on page 852 undefined on input line 75542.

[852]

LaTeX Warning: Reference `eq-elipsoide-covariancia' on page 853 undefined on input line 75590.

[853] [854] [855] [856]

LaTeX Warning: Reference `eq-branqueamento-normal-singular' on page 857 undefined on input line 75990.

[857]

LaTeX Warning: Reference `prp-mahalanobis-singular-qui-quadrado' on page 858 undefined on input line 76126.

[858]

LaTeX Warning: Reference `def-distancia-mahalanobis' on page 859 undefined on input line 76183.


LaTeX Warning: Reference `eq-elipsoide-covariancia' on page 859 undefined on input line 76184.

[859]

LaTeX Warning: Reference `eq-log-densidade-normal-multivariada' on page 860 undefined on input line 76268.

[860]

LaTeX Warning: Reference `fig-comparacao-distribuicoes-normais' on page 861 undefined on input line 76471.

<mod_2_normal_files/figure-pdf/fig-comparacao-distribuicoes-normais-1.pdf, id=5932, 650.43pt x 325.215pt>
File: mod_2_normal_files/figure-pdf/fig-comparacao-distribuicoes-normais-1.pdf Graphic file (type pdf)
<use mod_2_normal_files/figure-pdf/fig-comparacao-distribuicoes-normais-1.pdf>
Package luatex.def Info: mod_2_normal_files/figure-pdf/fig-comparacao-distribuicoes-normais-1.pdf  used on input line 76478.
(luatex.def)             Requested size: 650.4284pt x 325.2142pt.
[861] [862<./mod_2_normal_files/figure-pdf/fig-comparacao-distribuicoes-normais-1.pdf>]

LaTeX Warning: Reference `prp-estrutura-matriz-covariancias' on page 863 undefined on input line 76588.


LaTeX Warning: Reference `def-distancia-mahalanobis' on page 863 undefined on input line 76590.


LaTeX Warning: Reference `prp-complemento-schur-covariancia-residual' on page 863 undefined on input line 76594.

[863]

LaTeX Warning: Reference `prp-independencia-blocos-normais' on page 864 undefined on input line 76741.

[864]

LaTeX Warning: Reference `prp-mahalanobis-qui-quadrado' on page 865 undefined on input line 76779.

[865]

LaTeX Warning: Reference `tbl-sintese-normal-multivariada' on page 866 undefined on input line 76852.

[866] [867]

LaTeX Warning: Reference `eq-elipsoide-covariancia' on page 868 undefined on input line 77028.


LaTeX Warning: Reference `eq-esperanca-mahalanobis-quadratica' on page 868 undefined on input line 77031.

[868]
chapter 10.

LaTeX Warning: Reference `eq-vetor-medias-populacional' on page 869 undefined on input line 77088.


LaTeX Warning: Reference `def-matriz-covariancias-populacional' on page 869 undefined on input line 77089.


LaTeX Warning: Reference `def-normal-multivariada' on page 869 undefined on input line 77091.


LaTeX Warning: Reference `def-matriz-sscp-total' on page 869 undefined on input line 77152.


LaTeX Warning: Reference `def-matriz-sscp-total' on page 869 undefined on input line 77177.

[869

]

LaTeX Warning: Reference `eq-vetor-medias-populacional' on page 870 undefined on input line 77211.


LaTeX Warning: Reference `def-matriz-covariancias-populacional' on page 870 undefined on input line 77212.

[870] [871]

LaTeX Warning: Reference `def-normal-multivariada' on page 872 undefined on input line 77398.

[872] [873]

LaTeX Warning: Reference `eq-vetor-medias-populacional' on page 874 undefined on input line 77544.


LaTeX Warning: Reference `def-matriz-covariancias-populacional' on page 874 undefined on input line 77546.


LaTeX Warning: Reference `def-matriz-correlacoes-populacional' on page 874 undefined on input line 77548.


LaTeX Warning: Reference `def-normal-multivariada' on page 874 undefined on input line 77556.

[874] [875]

LaTeX Warning: Reference `def-matriz-sscp-total' on page 876 undefined on input line 77766.

[876] [877] [878]

LaTeX Warning: Reference `def-operador-vec' on page 879 undefined on input line 77988.

[879]

LaTeX Warning: Reference `eq-decomposicao-eqm-vetorial' on page 880 undefined on input line 78148.


LaTeX Warning: Reference `eq-decomposicao-eqm-vetorial' on page 880 undefined on input line 78166.


LaTeX Warning: Reference `eq-esperanca-forma-quadratica-geral' on page 880 undefined on input line 78168.


LaTeX Warning: Reference `def-norma-frobenius' on page 880 undefined on input line 78177.

[880] [881]

LaTeX Warning: Reference `def-informacao-fisher' on page 882 undefined on input line 78412.

[882] [883]

LaTeX Warning: Reference `def-normal-multivariada' on page 884 undefined on input line 78542.

[884]

LaTeX Warning: Reference `def-matriz-sscp-total' on page 885 undefined on input line 78694.


LaTeX Warning: Reference `thm-fatoracao-neyman-fisher' on page 885 undefined on input line 78718.

[885] [886]

LaTeX Warning: Reference `prp-transformacao-afim-covariancia' on page 887 undefined on input line 78874.

[887] [888] [889]

LaTeX Warning: Reference `eq-estimador-metodo-momentos' on page 890 undefined on input line 79178.


LaTeX Warning: Reference `eq-covariancia-segundo-momento' on page 890 undefined on input line 79234.

[890]

LaTeX Warning: Reference `def-matriz-sscp-total' on page 891 undefined on input line 79278.


LaTeX Warning: Reference `def-matriz-sscp-total' on page 891 undefined on input line 79312.

[891]

LaTeX Warning: Reference `def-funcao-verossimilhanca' on page 892 undefined on input line 79431.

[892]

LaTeX Warning: Reference `def-normal-multivariada' on page 893 undefined on input line 79529.

[893]

LaTeX Warning: Reference `eq-densidade-normal-multivariada' on page 894 undefined on input line 79554.


LaTeX Warning: Reference `def-matriz-sscp-total' on page 894 undefined on input line 79620.


LaTeX Warning: Reference `prp-traco-produto-externo' on page 894 undefined on input line 79663.


LaTeX Warning: Reference `exm-propriedade-ciclica-traco' on page 894 undefined on input line 79664.

[894]

LaTeX Warning: Reference `eq-decomposicao-verossimilhanca-normal' on page 895 undefined on input line 79726.


! Package amsmath Error: \begin{aligned} allowed only in math mode.

See the amsmath package documentation for explanation.
Type  H <return>  for immediate help.
 ...                                              
                                                  
l.79732 
      

Here is how much of LuaTeX's memory you used:
 47883 strings out of 476076
 305189,1977958 words of node,token memory allocated
 145008 words of node memory still in use:
   123 hlist, 10 vlist, 6 rule, 11 disc, 6 local_par, 1 dir, 34 math, 113 glue, 27 kern, 12 penalty, 6 sub_mlist, 2 margin_kern, 205 glyph, 52691 attribute, 70 glue_spec, 17567 attribute_list, 1 if_stack nodes
   avail lists: 1:14,2:13496,3:517,4:153,5:437,6:165,7:7471,8:94,9:1172,10:33,11:1020,12:1
 66277 multiletter control sequences out of 65536+600000
 115 fonts using 34722015 bytes
 108i,16n,114p,11226b,1122s stack positions out of 10000i,1000n,20000p,200000b,200000s
!  ==> Fatal error occurred, no output PDF file produced!
